context_id,sample_id,theta_state_0,theta_state_1
0,0,0.4381443298969072,0.7222222222222222
0,1,0.49577464788732395,0.7286821705426356
0,2,0.4105504587155963,0.6826241134751773
0,3,0.4543269230769231,0.6763698630136986
0,4,0.4325,0.7133333333333334
0,5,0.43,0.7133333333333334
0,6,0.445,0.705
0,7,0.46943765281173594,0.676818950930626
0,8,0.4485294117647059,0.6908783783783784
0,9,0.4767123287671233,0.7275590551181103
0,10,0.44794188861985473,0.6848381601362862
0,11,0.4489311163895487,0.6753022452504318
0,12,0.4746666666666667,0.7168
0,13,0.4876712328767123,0.721259842519685
0,14,0.41509433962264153,0.6961805555555556
0,15,0.45047169811320753,0.6701388888888888
0,16,0.5026595744680851,0.6987179487179487
0,17,0.47214854111405835,0.7158908507223114
0,18,0.49171270718232046,0.7210031347962382
0,19,0.46578947368421053,0.7161290322580646
0,20,0.46115288220551376,0.6938435940099834
0,21,0.417607223476298,0.6696588868940754
0,22,0.48746518105849584,0.7285491419656787
0,23,0.49295774647887325,0.7302325581395349
0,24,0.4920212765957447,0.7051282051282052
0,25,0.4444444444444444,0.7515625
0,26,0.4408866995073892,0.7003367003367004
0,27,0.45663265306122447,0.7055921052631579
0,28,0.4413145539906103,0.6724738675958188
0,29,0.5217391304347826,0.7267175572519083
0,30,0.42452830188679247,0.6892361111111112
0,31,0.47738693467336685,0.686046511627907
0,32,0.43209876543209874,0.7058823529411765
0,33,0.4461538461538462,0.7163934426229508
0,34,0.43376623376623374,0.7284552845528456
0,35,0.416289592760181,0.6720430107526881
0,36,0.45691906005221933,0.7179902755267423
0,37,0.4095022624434389,0.6774193548387096
0,38,0.40089086859688194,0.6733212341197822
0,39,0.44651162790697674,0.6631578947368421
0,40,0.4528301886792453,0.6666666666666666
0,41,0.5026315789473684,0.6919354838709677
0,42,0.46335697399527187,0.6620450606585788
0,43,0.468586387434555,0.7103559870550162
0,44,0.49193548387096775,0.7101910828025477
0,45,0.4360730593607306,0.6619217081850534
0,46,0.3888888888888889,0.6818181818181818
0,47,0.4710526315789474,0.7112903225806452
0,48,0.4547677261613692,0.6852791878172588
0,49,0.4520884520884521,0.6913996627318718
0,50,0.45194805194805193,0.7170731707317073
0,51,0.47115384615384615,0.666095890410959
0,52,0.48128342245989303,0.7140575079872205
0,53,0.44819277108433736,0.6820512820512821
0,54,0.4723618090452261,0.6877076411960132
0,55,0.46683673469387754,0.7006578947368421
0,56,0.45885286783042395,0.6928213689482471
0,57,0.48578811369509045,0.6949429037520392
0,58,0.4397905759162304,0.7297734627831716
0,59,0.46408839779005523,0.7382445141065831
0,60,0.44146341463414634,0.6949152542372882
0,61,0.48424068767908307,0.7403993855606759
0,62,0.48563218390804597,0.7423312883435583
0,63,0.4722222222222222,0.6920529801324503
0,64,0.42385786802030456,0.7244224422442245
0,65,0.4218009478672986,0.6920415224913494
0,66,0.44258373205741625,0.6838487972508591
0,67,0.5151515151515151,0.6622516556291391
0,68,0.4412470023980815,0.6861063464837049
0,69,0.4444444444444444,0.7194127243066885
0,70,0.46900269541778977,0.724960254372019
0,71,0.4613466334164589,0.6928213689482471
0,72,0.4746666666666667,0.7168
0,73,0.43283582089552236,0.7107023411371237
0,74,0.4292803970223325,0.711892797319933
0,75,0.46766169154228854,0.6872909698996655
0,76,0.4805194805194805,0.7008130081300813
0,77,0.49295774647887325,0.6341463414634146
0,78,0.46436781609195404,0.6442477876106195
0,79,0.43799472295514513,0.7342995169082126
0,80,0.45979899497487436,0.6960132890365448
0,81,0.4275,0.715
0,82,0.44282238442822386,0.6910016977928692
0,83,0.4200477326968974,0.6970740103270223
0,84,0.4375,0.7083333333333334
0,85,0.3951965065502183,0.6660516605166051
0,86,0.5093833780160858,0.6985645933014354
0,87,0.45910290237467016,0.7214170692431562
0,88,0.4305555555555556,0.6742957746478874
0,89,0.46943765281173594,0.676818950930626
0,90,0.4170731707317073,0.711864406779661
0,91,0.4472361809045226,0.7059800664451827
0,92,0.4779220779220779,0.7024390243902439
0,93,0.455026455026455,0.72508038585209
0,94,0.44987775061124696,0.6903553299492385
0,95,0.46938775510204084,0.6973684210526315
0,96,0.46368715083798884,0.7429906542056075
0,97,0.46616541353383456,0.6921797004991681
0,98,0.4222222222222222,0.6545454545454545
0,99,0.46524064171123,0.7220447284345048
0,100,0.42857142857142855,0.7087542087542088
0,101,0.43902439024390244,0.6966101694915254
0,102,0.43099273607748184,0.6984667802385008
0,103,0.4794188861985472,0.6643952299829642
0,104,0.4627659574468085,0.7211538461538461
0,105,0.4226327944572748,0.6772486772486772
0,106,0.44254278728606355,0.6937394247038917
0,107,0.43287037037037035,0.670774647887324
0,108,0.4117647058823529,0.6506469500924215
0,109,0.42032332563510394,0.6790123456790124
0,110,0.42431761786600497,0.7135678391959799
0,111,0.45454545454545453,0.7154471544715447
0,112,0.42685851318944845,0.6946826758147513
0,113,0.4119047619047619,0.7017241379310345
0,114,0.4619164619164619,0.684654300168634
0,115,0.46547314578005117,0.7011494252873564
0,116,0.4880239520958084,0.7552552552552553
0,117,0.45268542199488493,0.7093596059113301
0,118,0.5013774104683195,0.7158555729984302
0,119,0.44029850746268656,0.705685618729097
0,120,0.43935926773455375,0.6589698046181173
0,121,0.4701298701298701,0.7056910569105691
0,122,0.48931116389548696,0.6442141623488774
0,123,0.4,0.6745454545454546
0,124,0.4506329113924051,0.7057851239669422
0,125,0.4449877750611247,0.6937394247038917
0,126,0.4934725848563969,0.6936790923824959
0,127,0.4740932642487047,0.7035830618892508
0,128,0.4188235294117647,0.6921739130434783
0,129,0.47229551451187335,0.7133655394524959
0,130,0.4609571788413098,0.6965174129353234
0,131,0.4747191011235955,0.7391304347826086
0,132,0.4625322997416021,0.7096247960848288
0,133,0.4781420765027322,0.7239747634069401
0,134,0.4578313253012048,0.676923076923077
0,135,0.40705882352941175,0.6991304347826087
0,136,0.4845360824742268,0.6944444444444444
0,137,0.4582210242587601,0.7313195548489666
0,138,0.42455242966751916,0.729064039408867
0,139,0.4275,0.715
0,140,0.45077720207253885,0.7166123778501629
0,141,0.41037735849056606,0.6979166666666666
0,142,0.4789473684210526,0.7080645161290322
0,143,0.45161290322580644,0.6968174204355109
0,144,0.44634146341463415,0.6898305084745763
0,145,0.44329896907216493,0.7205882352941176
0,146,0.48148148148148145,0.7090032154340836
0,147,0.4945652173913043,0.7136075949367089
0,148,0.4731182795698925,0.7213375796178344
0,149,0.45409429280397023,0.6934673366834171
0,150,0.4650537634408602,0.7245222929936306
0,151,0.4567901234567901,0.6907563025210084
0,152,0.42610837438423643,0.7087542087542088
0,153,0.42990654205607476,0.6783216783216783
0,154,0.39215686274509803,0.66728280961183
0,155,0.49586776859504134,0.7189952904238619
0,156,0.4314214463840399,0.7111853088480802
0,157,0.4418052256532066,0.6804835924006909
0,158,0.4530120481927711,0.6786324786324787
0,159,0.4776902887139108,0.7059773828756059
0,160,0.4209245742092457,0.7079796264855688
0,161,0.4424083769633508,0.7265372168284789
0,162,0.45260663507109006,0.671280276816609
0,163,0.4671916010498688,0.7124394184168013
0,164,0.48021108179419525,0.7085346215780999
0,165,0.46943765281173594,0.6751269035532995
0,166,0.40582959641255606,0.6750902527075813
0,167,0.4423076923076923,0.6866438356164384
0,168,0.4332552693208431,0.6771378708551483
0,169,0.4134831460674157,0.6702702702702703
0,170,0.43942992874109266,0.6804835924006909
0,171,0.4506024096385542,0.6803418803418804
0,172,0.49584487534626037,0.7198748043818466
0,173,0.3865168539325843,0.6918918918918919
0,174,0.46524064171123,0.7236421725239617
0,175,0.48095238095238096,0.6517241379310345
0,176,0.4839572192513369,0.7124600638977636
0,177,0.43387470997679817,0.671353251318102
0,178,0.44416243654822335,0.7128712871287128
0,179,0.48732394366197185,0.7333333333333333
0,180,0.4227053140096618,0.7013651877133106
0,181,0.43316831683168316,0.7063758389261745
0,182,0.4246913580246914,0.7126050420168067
0,183,0.4883720930232558,0.6916802610114192
0,184,0.4531645569620253,0.7057851239669422
0,185,0.44935064935064933,0.71869918699187
0,186,0.43376623376623374,0.7300813008130081
0,187,0.4789915966386555,0.7340590979782271
0,188,0.4847715736040609,0.6848184818481848
0,189,0.5,0.7227414330218068
0,190,0.43123543123543123,0.6777583187390543
0,191,0.47107438016528924,0.7331240188383046
0,192,0.374,0.628
0,193,0.48517520215633425,0.7154213036565977
0,194,0.4738219895287958,0.7087378640776699
0,195,0.4504950495049505,0.6946308724832215
0,196,0.4275,0.7166666666666667
0,197,0.42823529411764705,0.6834782608695652
0,198,0.4393203883495146,0.6938775510204082
0,199,0.4343675417661098,0.6884681583476764
1,0,0.9540918163672655,0.04408817635270541
1,1,0.9602385685884692,0.028169014084507043
1,2,0.9563492063492064,0.028225806451612902
1,3,0.9601593625498008,0.03413654618473896
1,4,0.952286282306163,0.03822937625754527
1,5,0.9526627218934911,0.02231237322515213
1,6,0.9656565656565657,0.055445544554455446
1,7,0.952,0.048
1,8,0.9562624254473161,0.03420523138832998
1,9,0.9562624254473161,0.03219315895372234
1,10,0.9618473895582329,0.045816733067729085
1,11,0.952191235059761,0.04216867469879518
1,12,0.9580838323353293,0.04008016032064128
1,13,0.9624505928853755,0.016194331983805668
1,14,0.9425742574257425,0.03838383838383838
1,15,0.9347826086956522,0.04251012145748988
1,16,0.952191235059761,0.040160642570281124
1,17,0.9580838323353293,0.03807615230460922
1,18,0.9603174603174603,0.024193548387096774
1,19,0.9542743538767395,0.03420523138832998
1,20,0.9565217391304348,0.020242914979757085
1,21,0.9582504970178927,0.03219315895372234
1,22,0.9444444444444444,0.04032258064516129
1,23,0.9640718562874252,0.03206412825651302
1,24,0.9660678642714571,0.03006012024048096
1,25,0.968,0.032
1,26,0.9641434262948207,0.028112449799196786
1,27,0.9602385685884692,0.030181086519114688
1,28,0.950199203187251,0.04216867469879518
1,29,0.9679358717434869,0.03592814371257485
1,30,0.9540918163672655,0.04408817635270541
1,31,0.9339805825242719,0.010309278350515464
1,32,0.9561752988047809,0.03815261044176707
1,33,0.9539078156312625,0.0499001996007984
1,34,0.956,0.044
1,35,0.9315068493150684,0.028629856850715747
1,36,0.9562624254473161,0.03420523138832998
1,37,0.9545454545454546,0.022267206477732792
1,38,0.9465346534653465,0.03434343434343434
1,39,0.9502982107355865,0.04024144869215292
1,40,0.9564356435643564,0.024242424242424242
1,41,0.9580838323353293,0.03807615230460922
1,42,0.9332023575638507,0.034623217922606926
1,43,0.9466403162055336,0.030364372469635626
1,44,0.9520958083832335,0.04408817635270541
1,45,0.9579158316633266,0.04790419161676647
1,46,0.9583333333333334,0.028225806451612902
1,47,0.9503968253968254,0.036290322580645164
1,48,0.9621513944223108,0.0321285140562249
1,49,0.952286282306163,0.03822937625754527
1,50,0.9620758483033932,0.03406813627254509
1,51,0.9540918163672655,0.04208416833667335
1,52,0.9429133858267716,0.026422764227642278
1,53,0.9424603174603174,0.04435483870967742
1,54,0.9758551307847082,0.03578528827037773
1,55,0.9657258064516129,0.051587301587301584
1,56,0.9484126984126984,0.036290322580645164
1,57,0.9450980392156862,0.018367346938775512
1,58,0.9500998003992016,0.04609218436873747
1,59,0.9448818897637795,0.026422764227642278
1,60,0.9642857142857143,0.020161290322580645
1,61,0.9581673306772909,0.03614457831325301
1,62,0.9468503937007874,0.022357723577235773
1,63,0.9563492063492064,0.028225806451612902
1,64,0.9390962671905697,0.026476578411405296
1,65,0.9603174603174603,0.02620967741935484
1,66,0.952191235059761,0.04216867469879518
1,67,0.96579476861167,0.04771371769383698
1,68,0.9680638722554891,0.03006012024048096
1,69,0.9468503937007874,0.024390243902439025
1,70,0.9678068410462777,0.0437375745526839
1,71,0.9678714859437751,0.0398406374501992
1,72,0.9446640316205533,0.03441295546558704
1,73,0.9561752988047809,0.03614457831325301
1,74,0.9581673306772909,0.03413654618473896
1,75,0.9580838323353293,0.04008016032064128
1,76,0.9561752988047809,0.03614457831325301
1,77,0.9680638722554891,0.03006012024048096
1,78,0.9577464788732394,0.055666003976143144
1,79,0.9581673306772909,0.03413654618473896
1,80,0.9425742574257425,0.04040404040404041
1,81,0.9334637964774951,0.026584867075664622
1,82,0.9623015873015873,0.02217741935483871
1,83,0.9446640316205533,0.032388663967611336
1,84,0.9600798403193613,0.036072144288577156
1,85,0.9544554455445544,0.026262626262626262
1,86,0.9562624254473161,0.03420523138832998
1,87,0.9778672032193159,0.033797216699801194
1,88,0.9756592292089249,0.05128205128205128
1,89,0.9446640316205533,0.03441295546558704
1,90,0.9428007889546351,0.030425963488843813
1,91,0.9562624254473161,0.03219315895372234
1,92,0.9660678642714571,0.03006012024048096
1,93,0.9429133858267716,0.026422764227642278
1,94,0.9444444444444444,0.04032258064516129
1,95,0.9539078156312625,0.05189620758483034
1,96,0.9409448818897638,0.03048780487804878
1,97,0.9660678642714571,0.03206412825651302
1,98,0.966,0.036
1,99,0.9538152610441767,0.055776892430278883
1,100,0.9487179487179487,0.02434077079107505
1,101,0.9407114624505929,0.03643724696356275
1,102,0.9603960396039604,0.022222222222222223
1,103,0.9502982107355865,0.03822937625754527
1,104,0.9620758483033932,0.036072144288577156
1,105,0.9602385685884692,0.028169014084507043
1,106,0.9526627218934911,0.02231237322515213
1,107,0.94831013916501,0.04225352112676056
1,108,0.9487179487179487,0.02434077079107505
1,109,0.9655870445344129,0.05928853754940711
1,110,0.9659318637274549,0.03992015968063872
1,111,0.9542743538767395,0.03621730382293763
1,112,0.958498023715415,0.018218623481781375
1,113,0.9679358717434869,0.03592814371257485
1,114,0.9660678642714571,0.03006012024048096
1,115,0.9621513944223108,0.030120481927710843
1,116,0.9543650793650794,0.03024193548387097
1,117,0.9659318637274549,0.03792415169660679
1,118,0.9661354581673307,0.028112449799196786
1,119,0.9444444444444444,0.04233870967741935
1,120,0.950592885375494,0.02631578947368421
1,121,0.958,0.042
1,122,0.9506903353057199,0.02434077079107505
1,123,0.962,0.038
1,124,0.9485148514851485,0.03232323232323232
1,125,0.9565217391304348,0.022267206477732792
1,126,0.9676767676767677,0.053465346534653464
1,127,0.9337231968810916,0.018480492813141684
1,128,0.9581673306772909,0.03614457831325301
1,129,0.962,0.04
1,130,0.9680638722554891,0.028056112224448898
1,131,0.97,0.03
1,132,0.968,0.032
1,133,0.9430255402750491,0.024439918533604887
1,134,0.950199203187251,0.04417670682730924
1,135,0.9580838323353293,0.04008016032064128
1,136,0.931237721021611,0.034623217922606926
1,137,0.9546351084812623,0.018255578093306288
1,138,0.95,0.052
1,139,0.9500998003992016,0.04609218436873747
1,140,0.978,0.024
1,141,0.9503968253968254,0.036290322580645164
1,142,0.9619238476953907,0.043912175648702596
1,143,0.9561752988047809,0.03614457831325301
1,144,0.9560878243512974,0.04008016032064128
1,145,0.9333333333333333,0.02857142857142857
1,146,0.9502982107355865,0.04024144869215292
1,147,0.9581673306772909,0.03614457831325301
1,148,0.9640718562874252,0.03206412825651302
1,149,0.963855421686747,0.043824701195219126
1,150,0.9564356435643564,0.026262626262626262
1,151,0.9580838323353293,0.04008016032064128
1,152,0.9524752475247524,0.028282828282828285
1,153,0.9424603174603174,0.04233870967741935
1,154,0.9561752988047809,0.03815261044176707
1,155,0.9678714859437751,0.04183266932270916
1,156,0.948,0.054
1,157,0.9719438877755511,0.031936127744510975
1,158,0.9716024340770791,0.055226824457593686
1,159,0.9386138613861386,0.044444444444444446
1,160,0.966,0.036
1,161,0.9448818897637795,0.026422764227642278
1,162,0.9600798403193613,0.03807615230460922
1,163,0.950199203187251,0.04216867469879518
1,164,0.9523809523809523,0.03225806451612903
1,165,0.962,0.038
1,166,0.950199203187251,0.04417670682730924
1,167,0.974,0.026
1,168,0.9660678642714571,0.03206412825651302
1,169,0.9486166007905138,0.02834008097165992
1,170,0.9545454545454546,0.024291497975708502
1,171,0.9489194499017681,0.016293279022403257
1,172,0.9679358717434869,0.03592814371257485
1,173,0.9738955823293173,0.035856573705179286
1,174,0.9599198396793587,0.043912175648702596
1,175,0.956,0.044
1,176,0.9489194499017681,0.016293279022403257
1,177,0.9659318637274549,0.03792415169660679
1,178,0.9582504970178927,0.03219315895372234
1,179,0.9698795180722891,0.0398406374501992
1,180,0.9565217391304348,0.022267206477732792
1,181,0.9799599198396793,0.023952095808383235
1,182,0.9738430583501007,0.03777335984095427
1,183,0.9584158415841584,0.024242424242424242
1,184,0.9603174603174603,0.02620967741935484
1,185,0.9561752988047809,0.03815261044176707
1,186,0.9776876267748479,0.04930966469428008
1,187,0.9564356435643564,0.026262626262626262
1,188,0.9504950495049505,0.03232323232323232
1,189,0.9525691699604744,0.024291497975708502
1,190,0.9464285714285714,0.038306451612903226
1,191,0.9618473895582329,0.04780876494023904
1,192,0.9445544554455445,0.03838383838383838
1,193,0.9560878243512974,0.04208416833667335
1,194,0.952191235059761,0.040160642570281124
1,195,0.968,0.034
1,196,0.9640718562874252,0.03206412825651302
1,197,0.9523809523809523,0.03225806451612903
1,198,0.9676767676767677,0.053465346534653464
1,199,0.9386138613861386,0.04242424242424243
2,0,0.46301369863013697,0.7322834645669292
2,1,0.4594594594594595,0.7301587301587301
2,2,0.52,0.688
2,3,0.504950495049505,0.7804878048780488
2,4,0.46649484536082475,0.704248366013072
2,5,0.47354497354497355,0.7106109324758842
2,6,0.5013927576601671,0.719188767550702
2,7,0.5088235294117647,0.7378787878787879
2,8,0.5167173252279635,0.7466467958271237
2,9,0.4909090909090909,0.6926829268292682
2,10,0.5119760479041916,0.7432432432432432
2,11,0.4945054945054945,0.7154088050314465
2,12,0.5272206303724928,0.717357910906298
2,13,0.48936170212765956,0.7035256410256411
2,14,0.5492537313432836,0.7233082706766917
2,15,0.49591280653950953,0.7109004739336493
2,16,0.5269461077844312,0.7357357357357357
2,17,0.4792243767313019,0.729264475743349
2,18,0.4719387755102041,0.694078947368421
2,19,0.5106382978723404,0.7481371087928465
2,20,0.5483870967741935,0.7147192716236722
2,21,0.45268542199488493,0.7093596059113301
2,22,0.4971590909090909,0.7299382716049383
2,23,0.5073313782991202,0.7359635811836115
2,24,0.4609571788413098,0.6965174129353234
2,25,0.4869791666666667,0.6964285714285714
2,26,0.533724340175953,0.7223065250379362
2,27,0.558303886925795,0.7796373779637378
2,28,0.56,0.76
2,29,0.447887323943662,0.7534883720930232
2,30,0.47580645161290325,0.7181528662420382
2,31,0.5072046109510087,0.7304747320061256
2,32,0.47780678851174935,0.7034035656401945
2,33,0.5064102564102564,0.7703488372093024
2,34,0.4583333333333333,0.7142857142857143
2,35,0.48097826086956524,0.7183544303797469
2,36,0.48424068767908307,0.7403993855606759
2,37,0.5297619047619048,0.7304216867469879
2,38,0.47761194029850745,0.7593984962406015
2,39,0.5728813559322034,0.7588652482269503
2,40,0.5111731843575419,0.7133956386292835
2,41,0.4891304347826087,0.7151898734177216
2,42,0.48563218390804597,0.7392638036809815
2,43,0.48787061994609165,0.712241653418124
2,44,0.4904109589041096,0.7181102362204724
2,45,0.4879356568364611,0.7081339712918661
2,46,0.5424242424242425,0.7313432835820896
2,47,0.4807692307692308,0.7232704402515723
2,48,0.5179640718562875,0.7402402402402403
2,49,0.551622418879056,0.7170953101361573
2,50,0.5142045454545454,0.7191358024691358
2,51,0.4970588235294118,0.7424242424242424
2,52,0.5065274151436031,0.6839546191247974
2,53,0.5054945054945055,0.710691823899371
2,54,0.4972677595628415,0.7129337539432177
2,55,0.4672131147540984,0.7302839116719243
2,56,0.5126582278481012,0.7616959064327485
2,57,0.5152439024390244,0.7470238095238095
2,58,0.4831168831168831,0.697560975609756
2,59,0.4838709677419355,0.7133757961783439
2,60,0.49171270718232046,0.7210031347962382
2,61,0.45,0.7453125
2,62,0.5512820512820513,0.75
2,63,0.5254777070063694,0.7580174927113703
2,64,0.4827586206896552,0.7423312883435583
2,65,0.4755784061696658,0.6972176759410802
2,66,0.5522875816993464,0.7564841498559077
2,67,0.48509485094850946,0.716323296354992
2,68,0.5418994413407822,0.6978193146417445
2,69,0.4512820512820513,0.7098360655737705
2,70,0.5241157556270096,0.7634252539912917
2,71,0.5487012987012987,0.7557803468208093
2,72,0.48179271708683474,0.7325038880248833
2,73,0.4406779661016949,0.6882453151618398
2,74,0.5446428571428571,0.7243975903614458
2,75,0.5294117647058824,0.7272727272727273
2,76,0.4730878186968839,0.7418856259659969
2,77,0.4791666666666667,0.7012987012987013
2,78,0.5047923322683706,0.7700145560407569
2,79,0.475,0.7328125
2,80,0.48450704225352115,0.7317829457364341
2,81,0.5573770491803278,0.753956834532374
2,82,0.49612403100775193,0.6867862969004894
2,83,0.5012987012987012,0.6861788617886179
2,84,0.5253731343283582,0.7353383458646616
2,85,0.4847715736040609,0.6848184818481848
2,86,0.4909560723514212,0.6900489396411092
2,87,0.48579545454545453,0.7361111111111112
2,88,0.49157303370786515,0.7282608695652174
2,89,0.48158640226628896,0.7372488408037094
2,90,0.5126050420168067,0.7153965785381027
2,91,0.5317220543806647,0.7369207772795217
2,92,0.4959349593495935,0.7099841521394612
2,93,0.523943661971831,0.7116279069767442
2,94,0.5112359550561798,0.7158385093167702
2,95,0.49476439790575916,0.6941747572815534
2,96,0.524390243902439,0.7440476190476191
2,97,0.45979899497487436,0.6960132890365448
2,98,0.5192878338278932,0.7360482654600302
2,99,0.5182072829131653,0.7122861586314152
2,100,0.4576271186440678,0.6780238500851788
2,101,0.5192878338278932,0.7360482654600302
2,102,0.5152439024390244,0.7485119047619048
2,103,0.569620253164557,0.7368421052631579
2,104,0.5495495495495496,0.7256371814092953
2,105,0.5611940298507463,0.7157894736842105
2,106,0.4509283819628647,0.7271268057784912
2,107,0.46965699208443273,0.7133655394524959
2,108,0.49572649572649574,0.7303543913713405
2,109,0.5027932960893855,0.719626168224299
2,110,0.48342541436464087,0.725705329153605
2,111,0.5013927576601671,0.717628705148206
2,112,0.49193548387096775,0.7085987261146497
2,113,0.5572755417956656,0.7326440177252584
2,114,0.5,0.7260061919504643
2,115,0.5274390243902439,0.7410714285714286
2,116,0.5169491525423728,0.7167182662538699
2,117,0.5382262996941896,0.7384843982169391
2,118,0.48760330578512395,0.7221350078492935
2,119,0.5398230088495575,0.7231467473524962
2,120,0.4734042553191489,0.7147435897435898
2,121,0.5440251572327044,0.7463343108504399
2,122,0.5045592705167173,0.7526080476900149
2,123,0.5425219941348973,0.7192716236722306
2,124,0.536144578313253,0.7335329341317365
2,125,0.4908616187989556,0.6952998379254457
2,126,0.47044334975369456,0.6767676767676768
2,127,0.47540983606557374,0.7255520504731862
2,128,0.533724340175953,0.723823975720789
2,129,0.49382716049382713,0.7618343195266272
2,130,0.5449101796407185,0.7267267267267268
2,131,0.49340369393139843,0.6972624798711755
2,132,0.4811594202898551,0.7465648854961832
2,133,0.5173410404624278,0.7247706422018348
2,134,0.5041095890410959,0.710236220472441
2,135,0.5429362880886427,0.6917057902973396
2,136,0.4904632152588556,0.7140600315955766
2,137,0.5201238390092879,0.7518463810930576
2,138,0.5401234567901234,0.7396449704142012
2,139,0.45776566757493187,0.7330173775671406
2,140,0.47988505747126436,0.7438650306748467
2,141,0.561046511627907,0.7042682926829268
2,142,0.4325,0.7116666666666667
2,143,0.5060606060606061,0.7492537313432835
2,144,0.5373134328358209,0.7278195488721805
2,145,0.49868766404199477,0.691437802907916
2,146,0.49746192893401014,0.6765676567656765
2,147,0.5684931506849316,0.7655367231638418
2,148,0.4716981132075472,0.7217806041335453
2,149,0.49008498583569404,0.7310664605873262
2,150,0.48737373737373735,0.6804635761589404
2,151,0.46380697050938335,0.722488038277512
2,152,0.5325443786982249,0.7280966767371602
2,153,0.4937655860349127,0.669449081803005
2,154,0.4837837837837838,0.7158730158730159
2,155,0.49295774647887325,0.7286821705426356
2,156,0.49714285714285716,0.7323076923076923
2,157,0.48320413436692505,0.6933115823817292
2,158,0.577639751552795,0.7256637168141593
2,159,0.46900269541778977,0.7233704292527822
2,160,0.5301204819277109,0.7365269461077845
2,161,0.5164835164835165,0.7028301886792453
2,162,0.4720670391061452,0.7367601246105919
2,163,0.5389830508474577,0.774468085106383
2,164,0.4746268656716418,0.7593984962406015
2,165,0.44836272040302266,0.7048092868988391
2,166,0.5247813411078717,0.7245053272450532
2,167,0.49702380952380953,0.7484939759036144
2,168,0.5169230769230769,0.7511111111111111
2,169,0.49712643678160917,0.7346625766871165
2,170,0.5386740331491713,0.6943573667711599
2,171,0.4827586206896552,0.74079754601227
2,172,0.47527472527472525,0.7279874213836478
2,173,0.496,0.7008
2,174,0.5512820512820513,0.75
2,175,0.5294117647058824,0.7474150664697193
2,176,0.4746666666666667,0.7152
2,177,0.5013698630136987,0.7118110236220473
2,178,0.48476454293628807,0.7261345852895149
2,179,0.465564738292011,0.7346938775510204
2,180,0.5014409221902018,0.7335375191424196
2,181,0.4714285714285714,0.7461538461538462
2,182,0.4744897959183674,0.6924342105263158
2,183,0.5212765957446809,0.6842948717948718
2,184,0.5,0.7022292993630573
2,185,0.478494623655914,0.714968152866242
2,186,0.5013477088948787,0.7027027027027027
2,187,0.49162011173184356,0.7242990654205608
2,188,0.5014005602240896,0.7216174183514774
2,189,0.5431034482758621,0.7085889570552147
2,190,0.5542857142857143,0.7015384615384616
2,191,0.5088757396449705,0.7401812688821753
2,192,0.5474683544303798,0.7470760233918129
2,193,0.48476454293628807,0.7245696400625978
2,194,0.484593837535014,0.7293934681181959
2,195,0.4642857142857143,0.7327044025157232
2,196,0.4986376021798365,0.7109004739336493
2,197,0.45073891625615764,0.6902356902356902
2,198,0.5013550135501355,0.7068145800316957
2,199,0.47368421052631576,0.730829420970266
3,0,0.48148148148148145,0.9725158562367865
3,1,0.41818181818181815,0.9756613756613757
3,2,0.6363636363636364,0.9856850715746421
3,3,0.42857142857142855,0.9779179810725552
3,4,0.42105263157894735,0.9833679833679834
3,5,0.5217391304347826,0.9877175025588536
3,6,0.41379310344827586,0.9876416065911432
3,7,0.47058823529411764,0.9834368530020704
3,8,0.6363636363636364,0.9856850715746421
3,9,0.3541666666666667,0.9821428571428571
3,10,0.425531914893617,0.9790136411332634
3,11,0.5135135135135135,0.980269989615784
3,12,0.53125,0.9824380165289256
3,13,0.24615384615384617,0.9828877005347594
3,14,0.3877551020408163,0.9800210304942166
3,15,0.5517241379310345,0.9835221421215242
3,16,0.425531914893617,0.9790136411332634
3,17,0.76,0.9805128205128205
3,18,0.6521739130434783,0.984646878198567
3,19,0.42028985507246375,0.9688506981740065
3,20,0.5,0.9887525562372188
3,21,0.5,0.9845360824742269
3,22,0.4583333333333333,0.9887295081967213
3,23,0.47368421052631576,0.9812889812889813
3,24,0.55,0.9770833333333333
3,25,0.6666666666666666,0.9836065573770492
3,26,0.6071428571428571,0.9825102880658436
3,27,0.46296296296296297,0.9735729386892178
3,28,0.2833333333333333,0.9819148936170212
3,29,0.4666666666666667,0.9780104712041885
3,30,0.8421052631578947,0.9836901121304791
3,31,0.4642857142857143,0.9866255144032922
3,32,0.5306122448979592,0.9726603575184016
3,33,0.4117647058823529,0.9778714436248683
3,34,0.375,0.9777542372881356
3,35,0.5909090909090909,0.9867075664621677
3,36,0.3783783783783784,0.9854620976116303
3,37,0.38461538461538464,0.9897330595482546
3,38,0.7096774193548387,0.977296181630547
3,39,0.45454545454545453,0.9735449735449735
3,40,0.5102040816326531,0.9737118822292324
3,41,0.40816326530612246,0.9789695057833859
3,42,0.5405405405405406,0.9792315680166147
3,43,0.41818181818181815,0.9756613756613757
3,44,0.6052631578947368,0.9760914760914761
3,45,0.6071428571428571,0.9825102880658436
3,46,0.5208333333333334,0.9737394957983193
3,47,0.48484848484848486,0.983453981385729
3,48,0.5,0.98559670781893
3,49,0.5277777777777778,0.9802904564315352
3,50,0.5833333333333334,0.9782157676348547
3,51,0.7647058823529411,0.9867751780264497
3,52,0.7777777777777778,0.9857433808553971
3,53,0.48148148148148145,0.986639260020555
3,54,0.5416666666666666,0.9866803278688525
3,55,0.4528301886792453,0.9746568109820486
3,56,0.5510204081632653,0.9716088328075709
3,57,0.64,0.9835897435897436
3,58,0.4878048780487805,0.9791449426485923
3,59,0.4782608695652174,0.9645542427497314
3,60,0.45614035087719296,0.9724284199363733
3,61,0.41935483870967744,0.9865841073271414
3,62,0.4791666666666667,0.9758403361344538
3,63,0.39473684210526316,0.9675324675324676
3,64,0.4358974358974359,0.9823100936524454
3,65,0.46153846153846156,0.9746835443037974
3,66,0.5681818181818182,0.9738493723849372
3,67,0.35555555555555557,0.9832460732984293
3,68,0.5185185185185185,0.9845837615621789
3,69,0.41304347826086957,0.980083857442348
3,70,0.5365853658536586,0.9770594369134515
3,71,0.6774193548387096,0.977296181630547
3,72,0.45714285714285713,0.983419689119171
3,73,0.4222222222222222,0.9801047120418848
3,74,0.5806451612903226,0.9814241486068112
3,75,0.43478260869565216,0.9790356394129979
3,76,0.42105263157894735,0.9833679833679834
3,77,0.48717948717948717,0.9802289281997919
3,78,0.46,0.9757894736842105
3,79,0.53125,0.9824380165289256
3,80,0.6153846153846154,0.9750260145681582
3,81,0.4523809523809524,0.9801670146137788
3,82,0.5588235294117647,0.9803312629399586
3,83,0.4666666666666667,0.9855670103092784
3,84,0.5357142857142857,0.9845679012345679
3,85,0.5319148936170213,0.9737670514165793
3,86,0.5555555555555556,0.979253112033195
3,87,0.4186046511627907,0.9811912225705329
3,88,0.7037037037037037,0.9804727646454265
3,89,0.75,0.9939516129032258
3,90,0.6071428571428571,0.9825102880658436
3,91,0.4473684210526316,0.9823284823284824
3,92,0.5128205128205128,0.9791883454734651
3,93,0.42857142857142855,0.9812108559498957
3,94,0.4,0.9854922279792746
3,95,0.4339622641509434,0.9757127771911299
3,96,0.4883720930232558,0.9780564263322884
3,97,0.75,0.9939516129032258
3,98,0.5454545454545454,0.9877300613496932
3,99,0.46511627906976744,0.9791013584117032
3,100,0.5909090909090909,0.9867075664621677
3,101,0.46296296296296297,0.9725158562367865
3,102,0.4634146341463415,0.9801876955161627
3,103,0.5333333333333333,0.9835051546391752
3,104,0.45714285714285713,0.983419689119171
3,105,0.38823529411764707,0.9639344262295082
3,106,0.45714285714285713,0.983419689119171
3,107,0.5357142857142857,0.9845679012345679
3,108,0.5675675675675675,0.9781931464174455
3,109,0.5263157894736842,0.9792099792099792
3,110,0.5333333333333333,0.9835051546391752
3,111,0.625,0.9793388429752066
3,112,0.5517241379310345,0.9835221421215242
3,113,0.43137254901960786,0.9768177028451
3,114,0.56,0.9856410256410256
3,115,0.4358974358974359,0.9823100936524454
3,116,0.6206896551724138,0.9814624098867147
3,117,0.5,0.9769874476987448
3,118,0.5135135135135135,0.980269989615784
3,119,0.5,0.9736842105263158
3,120,0.5208333333333334,0.9737394957983193
3,121,0.5833333333333334,0.985655737704918
3,122,0.6,0.9846153846153847
3,123,0.4342105263157895,0.9642857142857143
3,124,0.7692307692307693,0.9898682877406282
3,125,0.5263157894736842,0.968186638388123
3,126,0.5,0.9813664596273292
3,127,0.32051282051282054,0.972885032537961
3,128,0.6470588235294118,0.9888097660223805
3,129,0.42857142857142855,0.9779179810725552
3,130,0.39473684210526316,0.9844074844074844
3,131,0.3902439024390244,0.9833159541188738
3,132,0.46511627906976744,0.9791013584117032
3,133,0.6071428571428571,0.9825102880658436
3,134,0.5135135135135135,0.980269989615784
3,135,0.6666666666666666,0.9856996935648621
3,136,0.5111111111111111,0.9759162303664921
3,137,0.4067796610169492,0.9744952178533475
3,138,0.5,0.9736842105263158
3,139,0.6363636363636364,0.9856850715746421
3,140,0.53125,0.9824380165289256
3,141,0.56,0.9856410256410256
3,142,0.7619047619047619,0.9836567926455567
3,143,0.48936170212765956,0.9758656873032528
3,144,0.4642857142857143,0.9866255144032922
3,145,0.45161290322580644,0.9855521155830753
3,146,0.4126984126984127,0.9722518676627535
3,147,0.39655172413793105,0.975583864118896
3,148,0.4583333333333333,0.976890756302521
3,149,0.6538461538461539,0.9825462012320328
3,150,0.5151515151515151,0.9824198552223371
3,151,0.47058823529411764,0.9747102212855637
3,152,0.52,0.9866666666666667
3,153,0.5128205128205128,0.9791883454734651
3,154,0.5111111111111111,0.9759162303664921
3,155,0.5333333333333333,0.9835051546391752
3,156,0.5581395348837209,0.9749216300940439
3,157,0.5454545454545454,0.9748953974895398
3,158,0.6428571428571429,0.9814814814814815
3,159,0.6470588235294118,0.9888097660223805
3,160,0.4339622641509434,0.9757127771911299
3,161,0.6153846153846154,0.9739854318418314
3,162,0.6666666666666666,0.9836065573770492
3,163,0.75,0.9908906882591093
3,164,0.4222222222222222,0.9801047120418848
3,165,0.5348837209302325,0.9759665621734587
3,166,0.65,0.986734693877551
3,167,0.5641025641025641,0.9771071800208116
3,168,0.45454545454545453,0.9790794979079498
3,169,0.6206896551724138,0.9814624098867147
3,170,0.38181818181818183,0.9777777777777777
3,171,0.3220338983050847,0.9798087141339001
3,172,0.46938775510204084,0.9758149316508938
3,173,0.46511627906976744,0.9791013584117032
3,174,0.45454545454545453,0.962080173347779
3,175,0.4,0.9721925133689839
3,176,0.47058823529411764,0.9747102212855637
3,177,0.5555555555555556,0.9845837615621789
3,178,0.575,0.9760416666666667
3,179,0.5,0.9824016563146998
3,180,0.6521739130434783,0.984646878198567
3,181,0.5483870967741935,0.9824561403508771
3,182,0.48148148148148145,0.9725158562367865
3,183,0.4339622641509434,0.9757127771911299
3,184,0.45,0.9908163265306122
3,185,0.44,0.9887179487179487
3,186,0.6216216216216216,0.9761163032191069
3,187,0.47619047619047616,0.9791231732776617
3,188,0.5625,0.981404958677686
3,189,0.5384615384615384,0.9781477627471384
3,190,0.42105263157894735,0.9745493107104984
3,191,0.3614457831325301,0.9672846237731734
3,192,0.525,0.978125
3,193,0.43478260869565216,0.9897645854657113
3,194,0.44680851063829785,0.9779643231899265
3,195,0.5208333333333334,0.9737394957983193
3,196,0.5806451612903226,0.9814241486068112
3,197,0.5454545454545454,0.9813857290589452
3,198,0.4444444444444444,0.983402489626556
3,199,0.6,0.9908629441624366
4,0,0.909952606635071,0.7566539923954373
4,1,0.8709677419354839,0.7598978288633461
4,2,0.8918918918918919,0.7467866323907455
4,3,0.8833333333333333,0.7210526315789474
4,4,0.9158878504672897,0.7506361323155216
4,5,0.9150943396226415,0.7550761421319797
4,6,0.8481012658227848,0.7378768020969856
4,7,0.9244444444444444,0.7329032258064516
4,8,0.8909090909090909,0.75
4,9,0.9066666666666666,0.7380645161290322
4,10,0.891213389121339,0.721419185282523
4,11,0.8820754716981132,0.7639593908629442
4,12,0.8528138528138528,0.7451235370611183
4,13,0.8966942148760331,0.7150395778364116
4,14,0.9121338912133892,0.7135348226018396
4,15,0.8723404255319149,0.7333333333333333
4,16,0.8767123287671232,0.7554417413572343
4,17,0.8728070175438597,0.7435233160621761
4,18,0.8559670781893004,0.726552179656539
4,19,0.8813559322033898,0.7290575916230366
4,20,0.9009433962264151,0.7588832487309645
4,21,0.8974358974358975,0.7258485639686684
4,22,0.8733031674208145,0.7522464698331194
4,23,0.8831168831168831,0.7360208062418726
4,24,0.8298755186721992,0.7378129117259552
4,25,0.8828828828828829,0.7493573264781491
4,26,0.9173913043478261,0.7272727272727273
4,27,0.8708133971291866,0.7711757269279393
4,28,0.8879668049792531,0.7193675889328063
4,29,0.8934426229508197,0.7116402116402116
4,30,0.8794642857142857,0.7474226804123711
4,31,0.8599221789883269,0.7039030955585465
4,32,0.8705882352941177,0.7033557046979866
4,33,0.9221311475409836,0.7023809523809523
4,34,0.8523206751054853,0.7365661861074705
4,35,0.8739130434782608,0.7402597402597403
4,36,0.9122807017543859,0.7305699481865285
4,37,0.9180327868852459,0.705026455026455
4,38,0.9026548672566371,0.7377260981912145
4,39,0.912621359223301,0.7644836272040302
4,40,0.8905472636815921,0.7772215269086358
4,41,0.8735177865612648,0.7041499330655957
4,42,0.9032258064516129,0.7034574468085106
4,43,0.875,0.7127659574468085
4,44,0.8823529411764706,0.7509627727856226
4,45,0.9098712446351931,0.7235984354628422
4,46,0.8968609865470852,0.7425997425997426
4,47,0.9227467811158798,0.7209908735332464
4,48,0.9106382978723404,0.7215686274509804
4,49,0.9041666666666667,0.7157894736842105
4,50,0.8959276018099548,0.7458279845956355
4,51,0.8987854251012146,0.7065073041168659
4,52,0.8657407407407407,0.7627551020408163
4,53,0.861003861003861,0.7004048582995951
4,54,0.897196261682243,0.7569974554707379
4,55,0.8429752066115702,0.7321899736147758
4,56,0.9351851851851852,0.7436224489795918
4,57,0.8697478991596639,0.7296587926509186
4,58,0.8970588235294118,0.7701005025125628
4,59,0.8786407766990292,0.7720403022670025
4,60,0.8906882591093117,0.7091633466135459
4,61,0.922077922077922,0.7243172951885566
4,62,0.9018691588785047,0.7544529262086515
4,63,0.8744588744588745,0.7373211963589077
4,64,0.8744939271255061,0.7144754316069057
4,65,0.8589211618257261,0.7272727272727273
4,66,0.8835341365461847,0.7083888149134487
4,67,0.8577405857740585,0.7319316688567674
4,68,0.8976744186046511,0.7554140127388536
4,69,0.9383259911894273,0.7257438551099612
4,70,0.8760683760683761,0.7336814621409922
4,71,0.8672199170124482,0.7259552042160737
4,72,0.9009009009009009,0.7429305912596401
4,73,0.8978723404255319,0.7254901960784313
4,74,0.9012875536480687,0.727509778357236
4,75,0.8768472906403941,0.7766624843161857
4,76,0.8884297520661157,0.7176781002638523
4,77,0.8899082568807339,0.7531969309462916
4,78,0.8863636363636364,0.75
4,79,0.9078341013824884,0.7484035759897829
4,80,0.8464730290456431,0.7325428194993412
4,81,0.8934010152284264,0.7820672478206725
4,82,0.9237668161434978,0.7361647361647362
4,83,0.8541666666666666,0.7315789473684211
4,84,0.8658536585365854,0.7188328912466844
4,85,0.9082969432314411,0.7302204928664072
4,86,0.8818565400843882,0.727391874180865
4,87,0.8976744186046511,0.7541401273885351
4,88,0.9195979899497487,0.7727840199750312
4,89,0.8745098039215686,0.702013422818792
4,90,0.9035087719298246,0.7344559585492227
4,91,0.8936170212765957,0.726797385620915
4,92,0.8804780876494024,0.7062750333778371
4,93,0.8991596638655462,0.7204724409448819
4,94,0.9241706161137441,0.7541191381495564
4,95,0.9038461538461539,0.7638888888888888
4,96,0.9049773755656109,0.7445442875481386
4,97,0.8739495798319328,0.7283464566929134
4,98,0.8727272727272727,0.7538461538461538
4,99,0.8987854251012146,0.7065073041168659
4,100,0.9134199134199135,0.7269180754226268
4,101,0.8834080717488789,0.7477477477477478
4,102,0.8287937743190662,0.7146702557200538
4,103,0.8847736625514403,0.7173051519154557
4,104,0.9144144144144144,0.7390745501285347
4,105,0.9095022624434389,0.7432605905006419
4,106,0.8771186440677966,0.7303664921465969
4,107,0.892,0.7026666666666667
4,108,0.9145299145299145,0.7219321148825065
4,109,0.8812785388127854,0.7541613316261203
4,110,0.8940677966101694,0.725130890052356
4,111,0.8793103448275862,0.734375
4,112,0.8798283261802575,0.7340286831812256
4,113,0.8805309734513275,0.7441860465116279
4,114,0.902542372881356,0.7225130890052356
4,115,0.9105691056910569,0.7042440318302388
4,116,0.8995433789954338,0.7490396927016645
4,117,0.8888888888888888,0.743225806451613
4,118,0.8672199170124482,0.7246376811594203
4,119,0.8571428571428571,0.7335958005249343
4,120,0.9004149377593361,0.7154150197628458
4,121,0.8658536585365854,0.7175066312997348
4,122,0.8967136150234741,0.7573062261753494
4,123,0.9020618556701031,0.7841191066997518
4,124,0.875,0.725
4,125,0.9122807017543859,0.7318652849740933
4,126,0.8944954128440367,0.7519181585677749
4,127,0.8701298701298701,0.7399219765929779
4,128,0.8771929824561403,0.7422279792746114
4,129,0.8810572687224669,0.741267787839586
4,130,0.9,0.77625
4,131,0.8708133971291866,0.7699115044247787
4,132,0.9051724137931034,0.7278645833333334
4,133,0.9036697247706422,0.7493606138107417
4,134,0.8361344537815126,0.7388451443569554
4,135,0.864406779661017,0.7329842931937173
4,136,0.9140271493212669,0.7419768934531451
4,137,0.896551724137931,0.7728983688833124
4,138,0.9090909090909091,0.7448717948717949
4,139,0.9276018099547512,0.7381258023106547
4,140,0.9307359307359307,0.7217165149544863
4,141,0.9174757281553398,0.7632241813602015
4,142,0.8634361233480177,0.7477360931435963
4,143,0.8942731277533039,0.7386804657179818
4,144,0.9227467811158798,0.7209908735332464
4,145,0.863849765258216,0.7674714104193139
4,146,0.8666666666666667,0.7708860759493671
4,147,0.9102040816326531,0.7059602649006622
4,148,0.9035532994923858,0.7795765877957659
4,149,0.8969957081545065,0.7288135593220338
4,150,0.8904109589041096,0.7503201024327785
4,151,0.8768472906403941,0.7779171894604768
4,152,0.9120370370370371,0.75
4,153,0.8867924528301887,0.7626903553299492
4,154,0.9008620689655172,0.7291666666666666
4,155,0.8733624454148472,0.74189364461738
4,156,0.8588709677419355,0.7180851063829787
4,157,0.8724279835390947,0.7212681638044914
4,158,0.8888888888888888,0.743225806451613
4,159,0.8914027149321267,0.748395378690629
4,160,0.9017857142857143,0.740979381443299
4,161,0.9116279069767442,0.7515923566878981
4,162,0.852017937219731,0.7567567567567568
4,163,0.9052132701421801,0.7591888466413181
4,164,0.9260869565217391,0.7233766233766233
4,165,0.8828451882845189,0.7240473061760841
4,166,0.8565022421524664,0.7554697554697555
4,167,0.8695652173913043,0.7054886211512718
4,168,0.8888888888888888,0.7692307692307693
4,169,0.8947368421052632,0.7357512953367875
4,170,0.852,0.7173333333333334
4,171,0.8852459016393442,0.7156084656084656
4,172,0.875,0.725
4,173,0.8833333333333333,0.7223684210526315
4,174,0.9078341013824884,0.7496807151979565
4,175,0.8765957446808511,0.7320261437908496
4,176,0.9223300970873787,0.7619647355163728
4,177,0.8831168831168831,0.7360208062418726
4,178,0.8796680497925311,0.7220026350461133
4,179,0.885593220338983,0.7277486910994765
4,180,0.9147982062780269,0.7387387387387387
4,181,0.9212962962962963,0.7461734693877551
4,182,0.873015873015873,0.7072192513368984
4,183,0.8693693693693694,0.7519280205655527
4,184,0.8936170212765957,0.7254901960784313
4,185,0.9,0.7324675324675325
4,186,0.8809523809523809,0.7032085561497327
4,187,0.8897338403041825,0.683853459972863
4,188,0.9251101321585903,0.7296248382923674
4,189,0.8836206896551724,0.734375
4,190,0.8860759493670886,0.7260812581913499
4,191,0.8780487804878049,0.7148541114058355
4,192,0.8170212765957446,0.7503267973856209
4,193,0.9032258064516129,0.7034574468085106
4,194,0.8870292887029289,0.7227332457293035
4,195,0.9045454545454545,0.7461538461538462
4,196,0.8649789029535865,0.7313237221494102
4,197,0.8983050847457628,0.7238219895287958
4,198,0.8796680497925311,0.7220026350461133
4,199,0.9036697247706422,0.7493606138107417
5,0,0.6538461538461539,0.9651898734177216
5,1,0.625,0.975
5,2,0.47368421052631576,0.961038961038961
5,3,0.5507246376811594,0.9602577873254565
5,4,0.4152542372881356,0.9455782312925171
5,5,0.5138888888888888,0.9612068965517241
5,6,0.47540983606557374,0.9701810436634718
5,7,0.5394736842105263,0.9567099567099567
5,8,0.631578947368421,0.9760914760914761
5,9,0.5285714285714286,0.9612903225806452
5,10,0.5441176470588235,0.9613733905579399
5,11,0.6904761904761905,0.9697286012526096
5,12,0.4606741573033708,0.9549945115257958
5,13,0.5161290322580645,0.9669509594882729
5,14,0.5342465753424658,0.9590075512405609
5,15,0.5268817204301075,0.9470782800441014
5,16,0.7291666666666666,0.9642857142857143
5,17,0.5,0.9736286919831224
5,18,0.5833333333333334,0.9638297872340426
5,19,0.6481481481481481,0.9630021141649049
5,20,0.5087719298245614,0.9703075291622482
5,21,0.5538461538461539,0.9625668449197861
5,22,0.6428571428571429,0.9629237288135594
5,23,0.5797101449275363,0.958109559613319
5,24,0.4144144144144144,0.9493813273340832
5,25,0.5308641975308642,0.9532100108813928
5,26,0.546875,0.9636752136752137
5,27,0.5,0.9747368421052631
5,28,0.6,0.9661375661375662
5,29,0.5641025641025641,0.9781477627471384
5,30,0.5555555555555556,0.9579741379310345
5,31,0.49206349206349204,0.967982924226254
5,32,0.5283018867924528,0.9714889123548046
5,33,0.5058823529411764,0.9540983606557377
5,34,0.4810126582278481,0.9598262757871878
5,35,0.4931506849315068,0.9622437971952535
5,36,0.5151515151515151,0.9646680942184154
5,37,0.4392523364485981,0.948488241881299
5,38,0.4235294117647059,0.9617486338797814
5,39,0.47560975609756095,0.9586056644880174
5,40,0.6363636363636364,0.964021164021164
5,41,0.5263157894736842,0.9577922077922078
5,42,0.49382716049382713,0.9575625680087051
5,43,0.5185185185185185,0.9714587737843552
5,44,0.4838709677419355,0.9690831556503199
5,45,0.532258064516129,0.9658848614072495
5,46,0.5769230769230769,0.9694092827004219
5,47,0.5454545454545454,0.9625267665952891
5,48,0.5616438356164384,0.9568500539374326
5,49,0.5833333333333334,0.9638297872340426
5,50,0.4925373134328358,0.9657020364415863
5,51,0.5319148936170213,0.974816369359916
5,52,0.4421052631578947,0.9535911602209944
5,53,0.6756756756756757,0.9750778816199377
5,54,0.582089552238806,0.9592711682743837
5,55,0.6326530612244898,0.9684542586750788
5,56,0.5079365079365079,0.9669156883671292
5,57,0.5125,0.9565217391304348
5,58,0.6052631578947368,0.9512987012987013
5,59,0.5147058823529411,0.9635193133047211
5,60,0.5185185185185185,0.955386289445049
5,61,0.5227272727272727,0.9759414225941423
5,62,0.5517241379310345,0.9485213581599123
5,63,0.5,0.9528508771929824
5,64,0.5208333333333334,0.9457964601769911
5,65,0.6122448979591837,0.9695057833859095
5,66,0.5,0.9691489361702128
5,67,0.5396825396825397,0.9647812166488794
5,68,0.5263157894736842,0.9577922077922078
5,69,0.7058823529411765,0.9761904761904762
5,70,0.6129032258064516,0.9605543710021321
5,71,0.5,0.9634408602150538
5,72,0.5416666666666666,0.9435840707964602
5,73,0.5060240963855421,0.955288985823337
5,74,0.5441176470588235,0.9613733905579399
5,75,0.5416666666666666,0.9737394957983193
5,76,0.5714285714285714,0.975991649269311
5,77,0.5263157894736842,0.9692470837751855
5,78,0.675,0.9729166666666667
5,79,0.46938775510204084,0.950110864745011
5,80,0.5217391304347826,0.9613319011815252
5,81,0.5084745762711864,0.9691817215727949
5,82,0.5789473684210527,0.9660657476139979
5,83,0.5306122448979592,0.9434589800443459
5,84,0.546875,0.9636752136752137
5,85,0.5932203389830508,0.9638682252922423
5,86,0.5274725274725275,0.9471947194719472
5,87,0.6071428571428571,0.965042372881356
5,88,0.46875,0.9513274336283186
5,89,0.4888888888888889,0.9527472527472527
5,90,0.5833333333333334,0.9638297872340426
5,91,0.6229508196721312,0.9605963791267306
5,92,0.5849056603773585,0.9683210137275607
5,93,0.4318181818181818,0.9594298245614035
5,94,0.39361702127659576,0.9602649006622517
5,95,0.4634146341463415,0.9596949891067538
5,96,0.4367816091954023,0.9583789704271632
5,97,0.453781512605042,0.9398410896708286
5,98,0.6875,0.9783057851239669
5,99,0.5066666666666667,0.9589189189189189
5,100,0.6111111111111112,0.9536637931034483
5,101,0.4444444444444444,0.9522752497225305
5,102,0.4777777777777778,0.9538461538461539
5,103,0.5671641791044776,0.9603429796355841
5,104,0.5714285714285714,0.9486899563318777
5,105,0.4878048780487805,0.9564270152505446
5,106,0.5178571428571429,0.9703389830508474
5,107,0.4457831325301205,0.960741548527808
5,108,0.4943820224719101,0.9527991218441273
5,109,0.5333333333333333,0.9670212765957447
5,110,0.546875,0.9636752136752137
5,111,0.6056338028169014,0.9547900968783638
5,112,0.5777777777777777,0.9738219895287958
5,113,0.5324675324675324,0.9555796316359697
5,114,0.5087719298245614,0.9703075291622482
5,115,0.4777777777777778,0.9538461538461539
5,116,0.525,0.9554347826086956
5,117,0.46551724137931033,0.9723991507430998
5,118,0.47058823529411764,0.9573770491803278
5,119,0.6545454545454545,0.9629629629629629
5,120,0.6222222222222222,0.9717277486910995
5,121,0.5,0.9668803418803419
5,122,0.64,0.9673684210526315
5,123,0.4342105263157895,0.9653679653679653
5,124,0.5211267605633803,0.961248654467169
5,125,0.4588235294117647,0.9584699453551913
5,126,0.6458333333333334,0.9684873949579832
5,127,0.5185185185185185,0.955386289445049
5,128,0.6190476190476191,0.9739039665970772
5,129,0.627906976744186,0.9728317659352143
5,130,0.4823529411764706,0.9562841530054644
5,131,0.53,0.9422222222222222
5,132,0.5,0.9587852494577006
5,133,0.5357142857142857,0.9519650655021834
5,134,0.5,0.970276008492569
5,135,0.4673913043478261,0.9537444933920705
5,136,0.5714285714285714,0.952329360780065
5,137,0.5961538461538461,0.9683544303797469
5,138,0.6351351351351351,0.9503239740820735
5,139,0.5769230769230769,0.9694092827004219
5,140,0.5686274509803921,0.9704952581664911
5,141,0.6142857142857143,0.9548387096774194
5,142,0.54,0.9726315789473684
5,143,0.5274725274725275,0.9482948294829483
5,144,0.3888888888888889,0.9626373626373627
5,145,0.4659090909090909,0.956140350877193
5,146,0.5223880597014925,0.9635584137191854
5,147,0.5483870967741935,0.964818763326226
5,148,0.5294117647058824,0.9519125683060109
5,149,0.4605263157894737,0.9632034632034632
5,150,0.6666666666666666,0.9761410788381742
5,151,0.5172413793103449,0.9518072289156626
5,152,0.5,0.9645922746781116
5,153,0.4880952380952381,0.9563318777292577
5,154,0.4457831325301205,0.960741548527808
5,155,0.578125,0.9615384615384616
5,156,0.44881889763779526,0.9358533791523482
5,157,0.4888888888888889,0.9527472527472527
5,158,0.5052631578947369,0.9480662983425414
5,159,0.5526315789473685,0.9545454545454546
5,160,0.5357142857142857,0.9692796610169492
5,161,0.6111111111111112,0.9536637931034483
5,162,0.5892857142857143,0.9661016949152542
5,163,0.5,0.9622844827586207
5,164,0.5428571428571428,0.9602150537634409
5,165,0.6037735849056604,0.9672650475184794
5,166,0.45,0.9619565217391305
5,167,0.6296296296296297,0.9651162790697675
5,168,0.5180722891566265,0.9541984732824428
5,169,0.5483870967741935,0.964818763326226
5,170,0.52,0.9589189189189189
5,171,0.47761194029850745,0.9667738478027867
5,172,0.6440677966101694,0.9606801275239107
5,173,0.47058823529411764,0.9573770491803278
5,174,0.475,0.9597826086956521
5,175,0.5352112676056338,0.9601722282023681
5,176,0.5394736842105263,0.9567099567099567
5,177,0.6538461538461539,0.9651898734177216
5,178,0.5294117647058824,0.9624463519313304
5,179,0.6229508196721312,0.9605963791267306
5,180,0.5652173913043478,0.9591836734693877
5,181,0.4925373134328358,0.9646302250803859
5,182,0.6176470588235294,0.9560085836909872
5,183,0.5555555555555556,0.9579741379310345
5,184,0.4782608695652174,0.9526431718061674
5,185,0.6101694915254238,0.9617428267800212
5,186,0.6341463414634146,0.9739311783107404
5,187,0.5681818181818182,0.9748953974895398
5,188,0.5333333333333333,0.9578378378378378
5,189,0.6724137931034483,0.9596602972399151
5,190,0.4383561643835616,0.9654800431499461
5,191,0.44047619047619047,0.9606986899563319
5,192,0.5571428571428572,0.9591397849462365
5,193,0.6,0.9627659574468085
5,194,0.5625,0.9521739130434783
5,195,0.5454545454545454,0.9555796316359697
5,196,0.4479166666666667,0.9535398230088495
5,197,0.43478260869565216,0.9688506981740065
5,198,0.47692307692307695,0.9679144385026738
5,199,0.45454545454545453,0.951165371809101
6,0,0.05201698513800425,0.15517241379310345
6,1,0.05800214822771214,0.2318840579710145
6,2,0.07072905331882481,0.19753086419753085
6,3,0.05656350053361793,0.15873015873015872
6,4,0.0454065469904963,0.18867924528301888
6,5,0.052072263549415514,0.1694915254237288
6,6,0.05656350053361793,0.15873015873015872
6,7,0.03890641430073607,0.24489795918367346
6,8,0.046267087276550996,0.10204081632653061
6,9,0.04411764705882353,0.125
6,10,0.04407135362014691,0.10638297872340426
6,11,0.06378378378378378,0.21333333333333335
6,12,0.02889576883384933,0.0967741935483871
6,13,0.04680851063829787,0.26666666666666666
6,14,0.061027837259100645,0.13636363636363635
6,15,0.050793650793650794,0.12727272727272726
6,16,0.0430672268907563,0.14583333333333334
6,17,0.05307855626326964,0.13793103448275862
6,18,0.035453597497393116,0.17073170731707318
6,19,0.044350580781414996,0.20754716981132076
6,20,0.04075235109717868,0.09302325581395349
6,21,0.045168067226890755,0.10416666666666667
6,22,0.04416403785488959,0.14285714285714285
6,23,0.0407098121085595,0.07142857142857142
6,24,0.04201680672268908,0.16666666666666666
6,25,0.0387434554973822,0.17777777777777778
6,26,0.055674518201284794,0.21212121212121213
6,27,0.04756871035940803,0.16666666666666666
6,28,0.06129032258064516,0.18571428571428572
6,29,0.050213675213675216,0.265625
6,30,0.035416666666666666,0.15
6,31,0.046511627906976744,0.18518518518518517
6,32,0.048884165781083955,0.22033898305084745
6,33,0.04430379746835443,0.19230769230769232
6,34,0.046413502109704644,0.17307692307692307
6,35,0.06311207834602829,0.2839506172839506
6,36,0.05939524838012959,0.2702702702702703
6,37,0.05246252676659529,0.25757575757575757
6,38,0.03433922996878252,0.15384615384615385
6,39,0.035416666666666666,0.15
6,40,0.04407135362014691,0.10638297872340426
6,41,0.036458333333333336,0.125
6,42,0.0644468313641246,0.13043478260869565
6,43,0.044444444444444446,0.23636363636363636
6,44,0.054140127388535034,0.1206896551724138
6,45,0.028925619834710745,0.125
6,46,0.04411764705882353,0.125
6,47,0.06256742179072276,0.2054794520547945
6,48,0.04792332268370607,0.26229508196721313
6,49,0.050686378035902854,0.09433962264150944
6,50,0.050793650793650794,0.12727272727272726
6,51,0.027892561983471075,0.15625
6,52,0.04507337526205451,0.06521739130434782
6,53,0.047619047619047616,0.18181818181818182
6,54,0.04636459430979979,0.13725490196078433
6,55,0.04206098843322818,0.1836734693877551
6,56,0.04201680672268908,0.16666666666666666
6,57,0.044257112750263436,0.17647058823529413
6,58,0.040880503144654086,0.15217391304347827
6,59,0.03112033195020747,0.16666666666666666
6,60,0.046169989506820566,0.06382978723404255
6,61,0.06493506493506493,0.21052631578947367
6,62,0.036458333333333336,0.15
6,63,0.05223880597014925,0.20967741935483872
6,64,0.03664921465968586,0.2222222222222222
6,65,0.033126293995859216,0.058823529411764705
6,66,0.03854166666666667,0.075
6,67,0.06923076923076923,0.3
6,68,0.027892561983471075,0.15625
6,69,0.027950310559006212,0.20588235294117646
6,70,0.048625792811839326,0.14814814814814814
6,71,0.04612159329140461,0.043478260869565216
6,72,0.059203444564047365,0.22535211267605634
6,73,0.045647558386411886,0.25862068965517243
6,74,0.04416403785488959,0.14285714285714285
6,75,0.05084745762711865,0.16071428571428573
6,76,0.06196581196581197,0.09375
6,77,0.04782146652497343,0.23728813559322035
6,78,0.04311251314405889,0.16326530612244897
6,79,0.051961823966065745,0.14035087719298245
6,80,0.03878406708595388,0.1956521739130435
6,81,0.04741833508956796,0.11764705882352941
6,82,0.0397489539748954,0.13636363636363635
6,83,0.04439746300211417,0.2222222222222222
6,84,0.03854166666666667,0.075
6,85,0.046218487394957986,0.08333333333333333
6,86,0.04847207586933614,0.09803921568627451
6,87,0.04852320675105485,0.11538461538461539
6,88,0.03765690376569038,0.18181818181818182
6,89,0.046610169491525424,0.21428571428571427
6,90,0.0625,0.19444444444444445
6,91,0.05543710021321962,0.16129032258064516
6,92,0.037578288100208766,0.14285714285714285
6,93,0.05201698513800425,0.15517241379310345
6,94,0.045263157894736845,0.14
6,95,0.04751847940865892,0.1509433962264151
6,96,0.04842105263157895,0.08
6,97,0.04792332268370607,0.26229508196721313
6,98,0.04288702928870293,0.06818181818181818
6,99,0.07399347116430903,0.16049382716049382
6,100,0.035343035343035345,0.10526315789473684
6,101,0.05869797225186766,0.12698412698412698
6,102,0.035416666666666666,0.15
6,103,0.05876068376068376,0.140625
6,104,0.040880503144654086,0.15217391304347827
6,105,0.042105263157894736,0.2
6,106,0.05419766206163656,0.13559322033898305
6,107,0.045310853530031614,0.1568627450980392
6,108,0.038702928870292884,0.1590909090909091
6,109,0.050793650793650794,0.12727272727272726
6,110,0.04559915164369035,0.24561403508771928
6,111,0.04118268215417107,0.2641509433962264
6,112,0.051961823966065745,0.14035087719298245
6,113,0.028925619834710745,0.125
6,114,0.03954214360041623,0.02564102564102564
6,115,0.0507399577167019,0.1111111111111111
6,116,0.048884165781083955,0.22033898305084745
6,117,0.04411764705882353,0.125
6,118,0.048574445617740235,0.1320754716981132
6,119,0.06587473002159827,0.1891891891891892
6,120,0.05425531914893617,0.15
6,121,0.059267241379310345,0.2361111111111111
6,122,0.04100946372239748,0.22448979591836735
6,123,0.04883227176220807,0.20689655172413793
6,124,0.05319148936170213,0.16666666666666666
6,125,0.052294557097118465,0.2222222222222222
6,126,0.0507399577167019,0.1111111111111111
6,127,0.04852320675105485,0.11538461538461539
6,128,0.05913978494623656,0.22857142857142856
6,129,0.0452155625657203,0.12244897959183673
6,130,0.03459119496855346,0.2826086956521739
6,131,0.050955414012738856,0.1724137931034483
6,132,0.049578059071729956,0.09615384615384616
6,133,0.045454545454545456,0.2037037037037037
6,134,0.048370136698212406,0.061224489795918366
6,135,0.055378061767838126,0.14754098360655737
6,136,0.0452155625657203,0.12244897959183673
6,137,0.0611587982832618,0.16176470588235295
6,138,0.05319148936170213,0.16666666666666666
6,139,0.04782146652497343,0.23728813559322035
6,140,0.038702928870292884,0.1590909090909091
6,141,0.0407098121085595,0.07142857142857142
6,142,0.041928721174004195,0.13043478260869565
6,143,0.05800214822771214,0.21739130434782608
6,144,0.034375,0.175
6,145,0.048728813559322036,0.17857142857142858
6,146,0.038865546218487396,0.22916666666666666
6,147,0.07166123778501629,0.16455696202531644
6,148,0.051961823966065745,0.14035087719298245
6,149,0.04214963119072708,0.21568627450980393
6,150,0.0397489539748954,0.13636363636363635
6,151,0.03423236514522822,0.08333333333333333
6,152,0.05555555555555555,0.1875
6,153,0.057692307692307696,0.15625
6,154,0.04302203567681007,0.1276595744680851
6,155,0.058572949946751864,0.11475409836065574
6,156,0.046511627906976744,0.18518518518518517
6,157,0.059637912673056445,0.08196721311475409
6,158,0.04741833508956796,0.11764705882352941
6,159,0.039832285115303984,0.17391304347826086
6,160,0.0581270182992465,0.23943661971830985
6,161,0.04293193717277487,0.08888888888888889
6,162,0.039832285115303984,0.17391304347826086
6,163,0.0397489539748954,0.13636363636363635
6,164,0.035453597497393116,0.17073170731707318
6,165,0.055378061767838126,0.14754098360655737
6,166,0.04925053533190578,0.30303030303030304
6,167,0.049578059071729956,0.09615384615384616
6,168,0.07667031763417305,0.19540229885057472
6,169,0.04852320675105485,0.11538461538461539
6,170,0.05296610169491525,0.10714285714285714
6,171,0.05402542372881356,0.08928571428571429
6,172,0.04831932773109244,0.041666666666666664
6,173,0.03777544596012592,0.23404255319148937
6,174,0.04439746300211417,0.2222222222222222
6,175,0.039790575916230364,0.15555555555555556
6,176,0.035453597497393116,0.17073170731707318
6,177,0.046511627906976744,0.18518518518518517
6,178,0.061422413793103446,0.20833333333333334
6,179,0.04,0.24
6,180,0.03316062176165803,0.08571428571428572
6,181,0.035416666666666666,0.175
6,182,0.051961823966065745,0.14035087719298245
6,183,0.04756871035940803,0.16666666666666666
6,184,0.045263157894736845,0.14
6,185,0.03423236514522822,0.08333333333333333
6,186,0.03333333333333333,0.2
6,187,0.0257201646090535,0.10714285714285714
6,188,0.03672612801678909,0.2553191489361702
6,189,0.057692307692307696,0.15625
6,190,0.032157676348547715,0.1388888888888889
6,191,0.05402542372881356,0.08928571428571429
6,192,0.04631578947368421,0.12
6,193,0.036420395421436005,0.1282051282051282
6,194,0.05296610169491525,0.10714285714285714
6,195,0.045263157894736845,0.14
6,196,0.03765690376569038,0.18181818181818182
6,197,0.027777777777777776,0.03571428571428571
6,198,0.046610169491525424,0.21428571428571427
6,199,0.05084745762711865,0.14285714285714285
7,0,0.16711229946524064,0.503968253968254
7,1,0.18893387314439947,0.4594594594594595
7,2,0.1567357512953368,0.4649122807017544
7,3,0.16951379763469118,0.4560669456066946
7,4,0.21132596685082872,0.4420289855072464
7,5,0.23214285714285715,0.5213414634146342
7,6,0.16905071521456436,0.4329004329004329
7,7,0.19425444596443228,0.4684014869888476
7,8,0.1991701244813278,0.47653429602888087
7,9,0.15714285714285714,0.46956521739130436
7,10,0.1821917808219178,0.5074074074074074
7,11,0.16582278481012658,0.3761904761904762
7,12,0.21273516642547033,0.5210355987055016
7,13,0.17774936061381075,0.3577981651376147
7,14,0.20694444444444443,0.4642857142857143
7,15,0.19672131147540983,0.458955223880597
7,16,0.1956521739130435,0.45454545454545453
7,17,0.16145833333333334,0.46120689655172414
7,18,0.1712779973649539,0.45643153526970953
7,19,0.20694444444444443,0.4642857142857143
7,20,0.16447368421052633,0.475
7,21,0.19421487603305784,0.48175182481751827
7,22,0.17018469656992086,0.4628099173553719
7,23,0.18908122503328895,0.42570281124497994
7,24,0.1940700808625337,0.437984496124031
7,25,0.23419540229885058,0.46381578947368424
7,26,0.20293724966622162,0.3904382470119522
7,27,0.19225634178905207,0.42231075697211157
7,28,0.1862348178137652,0.46332046332046334
7,29,0.20815752461322082,0.48788927335640137
7,30,0.21246458923512748,0.4897959183673469
7,31,0.19733333333333333,0.404
7,32,0.2330508474576271,0.4349315068493151
7,33,0.2005610098176718,0.49825783972125437
7,34,0.21448467966573817,0.450354609929078
7,35,0.17780748663101603,0.46825396825396826
7,36,0.1736842105263158,0.44583333333333336
7,37,0.2032520325203252,0.42748091603053434
7,38,0.201949860724234,0.48226950354609927
7,39,0.1767741935483871,0.38666666666666666
7,40,0.1953232462173315,0.47619047619047616
7,41,0.18479685452162517,0.4050632911392405
7,42,0.21418439716312057,0.4847457627118644
7,43,0.1881720430107527,0.453125
7,44,0.17724867724867724,0.45081967213114754
7,45,0.18455497382198952,0.3983050847457627
7,46,0.16944801026957637,0.40271493212669685
7,47,0.18885869565217392,0.4696969696969697
7,48,0.14443084455324356,0.34972677595628415
7,49,0.1955085865257596,0.3868312757201646
7,50,0.17914438502673796,0.4642857142857143
7,51,0.21954674220963172,0.46938775510204084
7,52,0.16195372750642673,0.43243243243243246
7,53,0.18834688346883469,0.46564885496183206
7,54,0.17914438502673796,0.4642857142857143
7,55,0.17898832684824903,0.3930131004366812
7,56,0.2033195020746888,0.4657039711191336
7,57,0.19971671388101983,0.5170068027210885
7,58,0.17091836734693877,0.375
7,59,0.14285714285714285,0.3776595744680851
7,60,0.17532467532467533,0.40869565217391307
7,61,0.17965653896961692,0.43621399176954734
7,62,0.1876675603217158,0.44881889763779526
7,63,0.16879795396419436,0.38990825688073394
7,64,0.16883116883116883,0.43043478260869567
7,65,0.19594594594594594,0.43846153846153846
7,66,0.17647058823529413,0.42127659574468085
7,67,0.20082530949105915,0.46153846153846156
7,68,0.20109439124487005,0.44981412639405205
7,69,0.15938303341902313,0.4369369369369369
7,70,0.18908122503328895,0.42570281124497994
7,71,0.19478737997256515,0.47601476014760147
7,72,0.17060367454068243,0.4495798319327731
7,73,0.18463611859838275,0.4689922480620155
7,74,0.19333333333333333,0.416
7,75,0.22832369942196531,0.4837662337662338
7,76,0.21469740634005763,0.5130718954248366
7,77,0.15315315315315314,0.4618834080717489
7,78,0.16178343949044585,0.4046511627906977
7,79,0.16559691912708602,0.4117647058823529
7,80,0.19245773732119636,0.354978354978355
7,81,0.2046070460704607,0.42366412213740456
7,82,0.1559748427672956,0.3902439024390244
7,83,0.1972972972972973,0.4346153846153846
7,84,0.16030534351145037,0.40654205607476634
7,85,0.17446270543615677,0.3397129186602871
7,86,0.18455497382198952,0.3983050847457627
7,87,0.17464424320827943,0.4008810572687225
7,88,0.20026881720430106,0.4140625
7,89,0.1640826873385013,0.4336283185840708
7,90,0.21544715447154472,0.3893129770992366
7,91,0.1800262812089356,0.4225941422594142
7,92,0.17300131061598953,0.4388185654008439
7,93,0.1900138696255201,0.5053763440860215
7,94,0.13496932515337423,0.4
7,95,0.18867924528301888,0.45348837209302323
7,96,0.1703225806451613,0.41333333333333333
7,97,0.22913719943422914,0.44368600682593856
7,98,0.19866666666666666,0.4
7,99,0.19812583668005354,0.41106719367588934
7,100,0.1830238726790451,0.4349593495934959
7,101,0.20723226703755215,0.4697508896797153
7,102,0.1927710843373494,0.4308300395256917
7,103,0.20081411126187246,0.43346007604562736
7,104,0.19618528610354224,0.4548872180451128
7,105,0.17616580310880828,0.40350877192982454
7,106,0.19538670284938942,0.44866920152091255
7,107,0.1773142112125163,0.41201716738197425
7,108,0.20956399437412096,0.4809688581314879
7,109,0.19157608695652173,0.4621212121212121
7,110,0.1798469387755102,0.3425925925925926
7,111,0.18229854689564068,0.4279835390946502
7,112,0.2032967032967033,0.4522058823529412
7,113,0.2547864506627393,0.46105919003115264
7,114,0.17161290322580644,0.4088888888888889
7,115,0.17146596858638743,0.4406779661016949
7,116,0.1796875,0.4051724137931034
7,117,0.18265440210249673,0.41422594142259417
7,118,0.1810918774966711,0.4497991967871486
7,119,0.21237693389592124,0.47750865051903113
7,120,0.17108753315649866,0.4715447154471545
7,121,0.17678100263852242,0.44214876033057854
7,122,0.21659634317862167,0.4671280276816609
7,123,0.17124183006535948,0.43829787234042555
7,124,0.21518987341772153,0.4671280276816609
7,125,0.2240117130307467,0.5141955835962145
7,126,0.18947368421052632,0.3958333333333333
7,127,0.1903485254691689,0.43700787401574803
7,128,0.19398907103825136,0.4701492537313433
7,129,0.19586206896551725,0.48
7,130,0.17181208053691274,0.4980392156862745
7,131,0.16731517509727625,0.43231441048034935
7,132,0.1994572591587517,0.4372623574144487
7,133,0.19808743169398907,0.4552238805970149
7,134,0.19389110225763612,0.4048582995951417
7,135,0.27426810477657937,0.49002849002849
7,136,0.1842456608811749,0.44621513944223107
7,137,0.178335535006605,0.4403292181069959
7,138,0.2,0.506896551724138
7,139,0.2063273727647868,0.4468864468864469
7,140,0.15809768637532134,0.44594594594594594
7,141,0.21309192200557103,0.45390070921985815
7,142,0.16323907455012854,0.42342342342342343
7,143,0.19137466307277629,0.44573643410852715
7,144,0.18707940780619112,0.45525291828793774
7,145,0.19346049046321526,0.462406015037594
7,146,0.19143239625167335,0.4308300395256917
7,147,0.18626155878467635,0.4156378600823045
7,148,0.19109947643979058,0.3771186440677966
7,149,0.176696542893726,0.3698630136986301
7,150,0.20346320346320346,0.5374592833876222
7,151,0.18977119784656796,0.45136186770428016
7,152,0.2083916083916084,0.47368421052631576
7,153,0.1778975741239892,0.4844961240310077
7,154,0.199442119944212,0.49469964664310956
7,155,0.1844532279314888,0.4149377593360996
7,156,0.19328859060402684,0.43529411764705883
7,157,0.18607764390896922,0.44664031620553357
7,158,0.22254335260115607,0.4967532467532468
7,159,0.1529709228824273,0.41626794258373206
7,160,0.19917582417582416,0.4632352941176471
7,161,0.15203955500618047,0.3507853403141361
7,162,0.2018716577540107,0.3968253968253968
7,163,0.18882978723404256,0.4274193548387097
7,164,0.1917989417989418,0.4016393442622951
7,165,0.20476858345021037,0.4912891986062718
7,166,0.19642857142857142,0.47058823529411764
7,167,0.18995929443690637,0.46387832699619774
7,168,0.16112531969309463,0.42201834862385323
7,169,0.17904509283819628,0.45121951219512196
7,170,0.2016348773841962,0.4398496240601504
7,171,0.19583333333333333,0.49642857142857144
7,172,0.1970310391363023,0.43243243243243246
7,173,0.18854748603351956,0.5246478873239436
7,174,0.17875647668393782,0.39035087719298245
7,175,0.19315068493150686,0.4740740740740741
7,176,0.21825962910128388,0.48494983277591974
7,177,0.1857335127860027,0.46303501945525294
7,178,0.18304172274562583,0.4669260700389105
7,179,0.2086230876216968,0.46619217081850534
7,180,0.1981382978723404,0.3951612903225806
7,181,0.1893732970027248,0.47368421052631576
7,182,0.1891891891891892,0.4576923076923077
7,183,0.18169934640522875,0.4085106382978723
7,184,0.1616294349540079,0.4811715481171548
7,185,0.1802403204272363,0.46215139442231074
7,186,0.15723270440251572,0.3902439024390244
7,187,0.18963165075034105,0.4756554307116105
7,188,0.17120622568093385,0.4192139737991266
7,189,0.17654808959156784,0.43983402489626555
7,190,0.18488529014844804,0.47104247104247104
7,191,0.18926174496644296,0.4470588235294118
7,192,0.24963503649635035,0.45396825396825397
7,193,0.2098092643051771,0.42105263157894735
7,194,0.20054570259208732,0.449438202247191
7,195,0.17804551539491298,0.4743083003952569
7,196,0.19680851063829788,0.4032258064516129
7,197,0.185378590078329,0.39316239316239315
7,198,0.21045392022008252,0.43956043956043955
7,199,0.20655270655270655,0.5134228187919463
