step,train_loss,lr,elapsed_sec,eval_model_nll,eval_bayes_nll,eval_gap_pct
1,0.6983342170715332,5.999999999999999e-06,0.8823113441467285,nan,nan,nan
2,0.7029851675033569,1.1999999999999999e-05,1.2149462699890137,nan,nan,nan
3,0.6827862858772278,1.8e-05,1.6706831455230713,nan,nan,nan
4,0.6851682662963867,2.3999999999999997e-05,2.1227011680603027,nan,nan,nan
5,0.6736217737197876,2.9999999999999997e-05,2.580587863922119,nan,nan,nan
6,0.6798487901687622,3.6e-05,3.035574436187744,nan,nan,nan
7,0.6539255976676941,4.2e-05,3.4902048110961914,nan,nan,nan
8,0.661389946937561,4.7999999999999994e-05,3.9452128410339355,nan,nan,nan
9,0.6448373794555664,5.399999999999999e-05,4.397184610366821,nan,nan,nan
10,0.6316653490066528,5.9999999999999995e-05,4.8699729442596436,nan,nan,nan
11,0.5722253918647766,6.599999999999999e-05,5.333114385604858,nan,nan,nan
12,0.6480849981307983,7.2e-05,5.796127557754517,nan,nan,nan
13,0.6170187592506409,7.8e-05,6.248450994491577,nan,nan,nan
14,0.6410961747169495,8.4e-05,6.701267242431641,nan,nan,nan
15,0.6138167381286621,8.999999999999999e-05,7.153703927993774,nan,nan,nan
16,0.5805975198745728,9.599999999999999e-05,7.608108282089233,nan,nan,nan
17,0.646873950958252,0.00010199999999999999,8.067625999450684,nan,nan,nan
18,0.6703348159790039,0.00010799999999999998,8.520668745040894,nan,nan,nan
19,0.5928403735160828,0.00011399999999999999,8.975319147109985,nan,nan,nan
20,0.6664362549781799,0.00011999999999999999,9.42241358757019,nan,nan,nan
21,0.535969614982605,0.00012599999999999997,9.885568857192993,nan,nan,nan
22,0.6231424808502197,0.00013199999999999998,10.338719129562378,nan,nan,nan
23,0.6380560398101807,0.000138,10.792891025543213,nan,nan,nan
24,0.6430267095565796,0.000144,11.244861602783203,nan,nan,nan
25,0.5996862053871155,0.00015,11.69781494140625,nan,nan,nan
26,0.5661471486091614,0.000156,12.151038646697998,nan,nan,nan
27,0.6202987432479858,0.00016199999999999998,12.600972652435303,nan,nan,nan
28,0.6373331546783447,0.000168,13.054124116897583,nan,nan,nan
29,0.6077851057052612,0.000174,13.514414548873901,nan,nan,nan
30,0.5915353298187256,0.00017999999999999998,13.967295169830322,nan,nan,nan
31,0.6100813746452332,0.000186,14.421114206314087,nan,nan,nan
32,0.6384795904159546,0.00019199999999999998,14.875114917755127,nan,nan,nan
33,0.6453698873519897,0.000198,15.327490091323853,nan,nan,nan
34,0.6567151546478271,0.00020399999999999997,15.783823728561401,nan,nan,nan
35,0.607652485370636,0.00020999999999999998,16.234726428985596,nan,nan,nan
36,0.6314916014671326,0.00021599999999999996,16.69101858139038,nan,nan,nan
37,0.6327102780342102,0.00022199999999999998,17.143539428710938,nan,nan,nan
38,0.669816255569458,0.00022799999999999999,17.60174560546875,nan,nan,nan
39,0.6527455449104309,0.00023399999999999997,18.05443811416626,nan,nan,nan
40,0.5904818773269653,0.00023999999999999998,18.50706720352173,nan,nan,nan
41,0.6037382483482361,0.00024599999999999996,18.960735321044922,nan,nan,nan
42,0.5459482073783875,0.00025199999999999995,19.420988082885742,nan,nan,nan
43,0.6268139481544495,0.000258,19.875476121902466,nan,nan,nan
44,0.6134060621261597,0.00026399999999999997,20.330652713775635,nan,nan,nan
45,0.6513946652412415,0.00026999999999999995,20.783426523208618,nan,nan,nan
46,0.5942901968955994,0.000276,21.24170184135437,nan,nan,nan
47,0.6521300077438354,0.00028199999999999997,21.6957049369812,nan,nan,nan
48,0.6272780895233154,0.000288,22.15323281288147,nan,nan,nan
49,0.6036843657493591,0.000294,22.6054470539093,nan,nan,nan
50,0.6487820744514465,0.0003,29.50882601737976,0.5882783104223321,0.473723068189092,24.18190076137777
51,0.592284083366394,0.0003,29.845226287841797,0.5882783104223321,0.473723068189092,24.18190076137777
52,0.6555172801017761,0.0003,30.29979181289673,0.5882783104223321,0.473723068189092,24.18190076137777
53,0.637468695640564,0.0003,30.754632472991943,0.5882783104223321,0.473723068189092,24.18190076137777
54,0.6486433744430542,0.0003,31.207303047180176,0.5882783104223321,0.473723068189092,24.18190076137777
55,0.6621666550636292,0.0003,31.65735912322998,0.5882783104223321,0.473723068189092,24.18190076137777
56,0.5829664468765259,0.0003,32.11451435089111,0.5882783104223321,0.473723068189092,24.18190076137777
57,0.652394711971283,0.0003,32.57870411872864,0.5882783104223321,0.473723068189092,24.18190076137777
58,0.5669775605201721,0.0003,33.03143835067749,0.5882783104223321,0.473723068189092,24.18190076137777
59,0.6088966727256775,0.0003,33.484723806381226,0.5882783104223321,0.473723068189092,24.18190076137777
60,0.6275462508201599,0.0003,33.9374725818634,0.5882783104223321,0.473723068189092,24.18190076137777
61,0.6427971720695496,0.0003,34.39213681221008,0.5882783104223321,0.473723068189092,24.18190076137777
62,0.623075544834137,0.0003,34.845550298690796,0.5882783104223321,0.473723068189092,24.18190076137777
63,0.5268909931182861,0.0003,35.29963946342468,0.5882783104223321,0.473723068189092,24.18190076137777
64,0.571997344493866,0.0003,35.75458002090454,0.5882783104223321,0.473723068189092,24.18190076137777
65,0.6004595756530762,0.0003,36.20711541175842,0.5882783104223321,0.473723068189092,24.18190076137777
66,0.6268476247787476,0.0003,36.659255027770996,0.5882783104223321,0.473723068189092,24.18190076137777
67,0.5938379168510437,0.0003,37.112651348114014,0.5882783104223321,0.473723068189092,24.18190076137777
68,0.5964708924293518,0.0003,37.56642723083496,0.5882783104223321,0.473723068189092,24.18190076137777
69,0.6139313578605652,0.0003,38.01952886581421,0.5882783104223321,0.473723068189092,24.18190076137777
70,0.6477003693580627,0.0003,38.51575422286987,0.5882783104223321,0.473723068189092,24.18190076137777
71,0.6389867663383484,0.0003,38.99106001853943,0.5882783104223321,0.473723068189092,24.18190076137777
72,0.6039971113204956,0.0003,39.44517111778259,0.5882783104223321,0.473723068189092,24.18190076137777
73,0.6157352328300476,0.0003,39.89512300491333,0.5882783104223321,0.473723068189092,24.18190076137777
74,0.6095403432846069,0.0003,40.355164527893066,0.5882783104223321,0.473723068189092,24.18190076137777
75,0.5582068562507629,0.0003,40.807310581207275,0.5882783104223321,0.473723068189092,24.18190076137777
76,0.6566395163536072,0.0003,41.26209115982056,0.5882783104223321,0.473723068189092,24.18190076137777
77,0.6095906496047974,0.0003,41.71507024765015,0.5882783104223321,0.473723068189092,24.18190076137777
78,0.6007568836212158,0.0003,42.168457984924316,0.5882783104223321,0.473723068189092,24.18190076137777
79,0.6201721429824829,0.0003,42.62172269821167,0.5882783104223321,0.473723068189092,24.18190076137777
80,0.6486092805862427,0.0003,43.0714111328125,0.5882783104223321,0.473723068189092,24.18190076137777
81,0.6133973598480225,0.0003,43.52912759780884,0.5882783104223321,0.473723068189092,24.18190076137777
82,0.5953723192214966,0.0003,43.98381853103638,0.5882783104223321,0.473723068189092,24.18190076137777
83,0.6523978114128113,0.0003,44.436806440353394,0.5882783104223321,0.473723068189092,24.18190076137777
84,0.6563249230384827,0.0003,44.88952612876892,0.5882783104223321,0.473723068189092,24.18190076137777
85,0.6491298079490662,0.0003,45.34246468544006,0.5882783104223321,0.473723068189092,24.18190076137777
86,0.6254362463951111,0.0003,45.79414486885071,0.5882783104223321,0.473723068189092,24.18190076137777
87,0.6025006175041199,0.0003,46.24687719345093,0.5882783104223321,0.473723068189092,24.18190076137777
88,0.5900030732154846,0.0003,46.69949507713318,0.5882783104223321,0.473723068189092,24.18190076137777
89,0.5569714307785034,0.0003,47.15319514274597,0.5882783104223321,0.473723068189092,24.18190076137777
90,0.5714178681373596,0.0003,47.60636305809021,0.5882783104223321,0.473723068189092,24.18190076137777
91,0.5537669658660889,0.0003,48.057915449142456,0.5882783104223321,0.473723068189092,24.18190076137777
92,0.5907530784606934,0.0003,48.51245307922363,0.5882783104223321,0.473723068189092,24.18190076137777
93,0.6482886672019958,0.0003,48.96445178985596,0.5882783104223321,0.473723068189092,24.18190076137777
94,0.6260454058647156,0.0003,49.41663146018982,0.5882783104223321,0.473723068189092,24.18190076137777
95,0.6366817355155945,0.0003,49.86928462982178,0.5882783104223321,0.473723068189092,24.18190076137777
96,0.6010810732841492,0.0003,50.32196807861328,0.5882783104223321,0.473723068189092,24.18190076137777
97,0.5708837509155273,0.0003,50.775798320770264,0.5882783104223321,0.473723068189092,24.18190076137777
98,0.6071983575820923,0.0003,51.22808885574341,0.5882783104223321,0.473723068189092,24.18190076137777
99,0.6316107511520386,0.0003,51.680461406707764,0.5882783104223321,0.473723068189092,24.18190076137777
100,0.6069969534873962,0.0003,58.485036849975586,0.6229497743088116,0.4935624823592622,26.214977145562067
101,0.5650749802589417,0.0003,58.826488733291626,0.6229497743088116,0.4935624823592622,26.214977145562067
102,0.5986467599868774,0.0003,59.272279262542725,0.6229497743088116,0.4935624823592622,26.214977145562067
103,0.5843127965927124,0.0003,59.730339765548706,0.6229497743088116,0.4935624823592622,26.214977145562067
104,0.6090611815452576,0.0003,60.18355941772461,0.6229497743088116,0.4935624823592622,26.214977145562067
105,0.5909543633460999,0.0003,60.63674974441528,0.6229497743088116,0.4935624823592622,26.214977145562067
106,0.5943014621734619,0.0003,61.08863067626953,0.6229497743088116,0.4935624823592622,26.214977145562067
107,0.625892162322998,0.0003,61.542370557785034,0.6229497743088116,0.4935624823592622,26.214977145562067
108,0.6557323932647705,0.0003,61.995177268981934,0.6229497743088116,0.4935624823592622,26.214977145562067
109,0.6434396505355835,0.0003,62.44843935966492,0.6229497743088116,0.4935624823592622,26.214977145562067
110,0.6262041330337524,0.0003,62.90141820907593,0.6229497743088116,0.4935624823592622,26.214977145562067
111,0.6172622442245483,0.0003,63.354068994522095,0.6229497743088116,0.4935624823592622,26.214977145562067
112,0.5364953279495239,0.0003,63.80544137954712,0.6229497743088116,0.4935624823592622,26.214977145562067
113,0.6154655814170837,0.0003,64.25901126861572,0.6229497743088116,0.4935624823592622,26.214977145562067
114,0.613476574420929,0.0003,64.70820760726929,0.6229497743088116,0.4935624823592622,26.214977145562067
115,0.6121023297309875,0.0003,65.17265248298645,0.6229497743088116,0.4935624823592622,26.214977145562067
116,0.5937781929969788,0.0003,65.62540864944458,0.6229497743088116,0.4935624823592622,26.214977145562067
117,0.6117604970932007,0.0003,66.07830858230591,0.6229497743088116,0.4935624823592622,26.214977145562067
118,0.6567676067352295,0.0003,66.53138422966003,0.6229497743088116,0.4935624823592622,26.214977145562067
119,0.643863320350647,0.0003,66.98407888412476,0.6229497743088116,0.4935624823592622,26.214977145562067
120,0.6427736878395081,0.0003,67.43774938583374,0.6229497743088116,0.4935624823592622,26.214977145562067
121,0.6271725296974182,0.0003,67.89106798171997,0.6229497743088116,0.4935624823592622,26.214977145562067
122,0.6220490336418152,0.0003,68.34601020812988,0.6229497743088116,0.4935624823592622,26.214977145562067
123,0.5971770286560059,0.0003,68.81412553787231,0.6229497743088116,0.4935624823592622,26.214977145562067
124,0.6212100982666016,0.0003,69.27453899383545,0.6229497743088116,0.4935624823592622,26.214977145562067
125,0.6183295249938965,0.0003,69.72509455680847,0.6229497743088116,0.4935624823592622,26.214977145562067
126,0.621785581111908,0.0003,70.18237280845642,0.6229497743088116,0.4935624823592622,26.214977145562067
127,0.6346688270568848,0.0003,70.6343264579773,0.6229497743088116,0.4935624823592622,26.214977145562067
128,0.6407246589660645,0.0003,71.08697557449341,0.6229497743088116,0.4935624823592622,26.214977145562067
129,0.6042373180389404,0.0003,71.5395872592926,0.6229497743088116,0.4935624823592622,26.214977145562067
130,0.6347566843032837,0.0003,71.99371027946472,0.6229497743088116,0.4935624823592622,26.214977145562067
131,0.6240952610969543,0.0003,72.45604705810547,0.6229497743088116,0.4935624823592622,26.214977145562067
132,0.6403219699859619,0.0003,72.89824867248535,0.6229497743088116,0.4935624823592622,26.214977145562067
133,0.6158439517021179,0.0003,73.36128687858582,0.6229497743088116,0.4935624823592622,26.214977145562067
134,0.5887251496315002,0.0003,73.81228399276733,0.6229497743088116,0.4935624823592622,26.214977145562067
135,0.6241241097450256,0.0003,74.26328110694885,0.6229497743088116,0.4935624823592622,26.214977145562067
136,0.6264796257019043,0.0003,74.7177426815033,0.6229497743088116,0.4935624823592622,26.214977145562067
137,0.6000388264656067,0.0003,75.16527962684631,0.6229497743088116,0.4935624823592622,26.214977145562067
138,0.6098799109458923,0.0003,75.62510371208191,0.6229497743088116,0.4935624823592622,26.214977145562067
139,0.5907922387123108,0.0003,76.07759761810303,0.6229497743088116,0.4935624823592622,26.214977145562067
140,0.6414932608604431,0.0003,76.53248500823975,0.6229497743088116,0.4935624823592622,26.214977145562067
141,0.5959652662277222,0.0003,76.9802360534668,0.6229497743088116,0.4935624823592622,26.214977145562067
142,0.6508250832557678,0.0003,77.44291734695435,0.6229497743088116,0.4935624823592622,26.214977145562067
143,0.6069834232330322,0.0003,77.89658784866333,0.6229497743088116,0.4935624823592622,26.214977145562067
144,0.6119627952575684,0.0003,78.35033106803894,0.6229497743088116,0.4935624823592622,26.214977145562067
145,0.6841942071914673,0.0003,78.80307984352112,0.6229497743088116,0.4935624823592622,26.214977145562067
146,0.6069292426109314,0.0003,79.25586438179016,0.6229497743088116,0.4935624823592622,26.214977145562067
147,0.6404749155044556,0.0003,79.70829367637634,0.6229497743088116,0.4935624823592622,26.214977145562067
148,0.619909942150116,0.0003,80.16140508651733,0.6229497743088116,0.4935624823592622,26.214977145562067
149,0.6468040347099304,0.0003,80.61542296409607,0.6229497743088116,0.4935624823592622,26.214977145562067
150,0.5938016772270203,0.0003,87.54243874549866,0.6077724570302732,0.4654460867392491,30.578486820699766
151,0.5810021758079529,0.0003,87.88533544540405,0.6077724570302732,0.4654460867392491,30.578486820699766
152,0.5368111729621887,0.0003,88.36388921737671,0.6077724570302732,0.4654460867392491,30.578486820699766
153,0.6189475655555725,0.0003,88.83324360847473,0.6077724570302732,0.4654460867392491,30.578486820699766
154,0.6614717841148376,0.0003,89.28822422027588,0.6077724570302732,0.4654460867392491,30.578486820699766
155,0.6267848610877991,0.0003,89.74156427383423,0.6077724570302732,0.4654460867392491,30.578486820699766
156,0.5981699228286743,0.0003,90.19354248046875,0.6077724570302732,0.4654460867392491,30.578486820699766
157,0.6153936386108398,0.0003,90.64804077148438,0.6077724570302732,0.4654460867392491,30.578486820699766
158,0.6223067045211792,0.0003,91.1004536151886,0.6077724570302732,0.4654460867392491,30.578486820699766
159,0.6283391118049622,0.0003,91.55383324623108,0.6077724570302732,0.4654460867392491,30.578486820699766
160,0.6448531150817871,0.0003,92.00805044174194,0.6077724570302732,0.4654460867392491,30.578486820699766
161,0.5955475568771362,0.0003,92.46240043640137,0.6077724570302732,0.4654460867392491,30.578486820699766
162,0.5732375383377075,0.0003,92.91598677635193,0.6077724570302732,0.4654460867392491,30.578486820699766
163,0.6070590019226074,0.0003,93.37010765075684,0.6077724570302732,0.4654460867392491,30.578486820699766
164,0.6363826394081116,0.0003,93.82216215133667,0.6077724570302732,0.4654460867392491,30.578486820699766
165,0.6489900946617126,0.0003,94.27688813209534,0.6077724570302732,0.4654460867392491,30.578486820699766
166,0.5849640965461731,0.0003,94.72926640510559,0.6077724570302732,0.4654460867392491,30.578486820699766
167,0.5789372324943542,0.0003,95.18209791183472,0.6077724570302732,0.4654460867392491,30.578486820699766
168,0.6066600680351257,0.0003,95.6361517906189,0.6077724570302732,0.4654460867392491,30.578486820699766
169,0.621866762638092,0.0003,96.09083533287048,0.6077724570302732,0.4654460867392491,30.578486820699766
170,0.5307154059410095,0.0003,96.54649043083191,0.6077724570302732,0.4654460867392491,30.578486820699766
171,0.5399173498153687,0.0003,96.99949073791504,0.6077724570302732,0.4654460867392491,30.578486820699766
172,0.645585834980011,0.0003,97.4591646194458,0.6077724570302732,0.4654460867392491,30.578486820699766
173,0.6088710427284241,0.0003,97.92617201805115,0.6077724570302732,0.4654460867392491,30.578486820699766
174,0.6144168376922607,0.0003,98.38719439506531,0.6077724570302732,0.4654460867392491,30.578486820699766
175,0.6308303475379944,0.0003,98.84988689422607,0.6077724570302732,0.4654460867392491,30.578486820699766
176,0.5626533031463623,0.0003,99.31332969665527,0.6077724570302732,0.4654460867392491,30.578486820699766
177,0.6243786811828613,0.0003,99.77286672592163,0.6077724570302732,0.4654460867392491,30.578486820699766
178,0.57856285572052,0.0003,100.2229175567627,0.6077724570302732,0.4654460867392491,30.578486820699766
179,0.644749104976654,0.0003,100.6841676235199,0.6077724570302732,0.4654460867392491,30.578486820699766
180,0.610714316368103,0.0003,101.13895082473755,0.6077724570302732,0.4654460867392491,30.578486820699766
181,0.5870823264122009,0.0003,101.6013286113739,0.6077724570302732,0.4654460867392491,30.578486820699766
182,0.6429407596588135,0.0003,102.0814208984375,0.6077724570302732,0.4654460867392491,30.578486820699766
183,0.6375634670257568,0.0003,102.55690455436707,0.6077724570302732,0.4654460867392491,30.578486820699766
184,0.5807415246963501,0.0003,103.03544616699219,0.6077724570302732,0.4654460867392491,30.578486820699766
185,0.48181620240211487,0.0003,103.54257869720459,0.6077724570302732,0.4654460867392491,30.578486820699766
186,0.6299803853034973,0.0003,104.02353525161743,0.6077724570302732,0.4654460867392491,30.578486820699766
187,0.5831773281097412,0.0003,104.48757195472717,0.6077724570302732,0.4654460867392491,30.578486820699766
188,0.5691541433334351,0.0003,104.96262788772583,0.6077724570302732,0.4654460867392491,30.578486820699766
189,0.6119301915168762,0.0003,105.4350733757019,0.6077724570302732,0.4654460867392491,30.578486820699766
190,0.5971711277961731,0.0003,105.91049718856812,0.6077724570302732,0.4654460867392491,30.578486820699766
191,0.6235754489898682,0.0003,106.36975336074829,0.6077724570302732,0.4654460867392491,30.578486820699766
192,0.5697111487388611,0.0003,106.82098650932312,0.6077724570302732,0.4654460867392491,30.578486820699766
193,0.5893240571022034,0.0003,107.27590012550354,0.6077724570302732,0.4654460867392491,30.578486820699766
194,0.6128082275390625,0.0003,107.72813439369202,0.6077724570302732,0.4654460867392491,30.578486820699766
195,0.590426504611969,0.0003,108.21623063087463,0.6077724570302732,0.4654460867392491,30.578486820699766
196,0.5878878831863403,0.0003,108.67709136009216,0.6077724570302732,0.4654460867392491,30.578486820699766
197,0.5733578205108643,0.0003,109.13573050498962,0.6077724570302732,0.4654460867392491,30.578486820699766
198,0.586744487285614,0.0003,109.59340643882751,0.6077724570302732,0.4654460867392491,30.578486820699766
199,0.6170560121536255,0.0003,110.04930806159973,0.6077724570302732,0.4654460867392491,30.578486820699766
200,0.5090016722679138,0.0003,116.96531081199646,0.6025517915123312,0.49602359093903264,21.476438322545864
201,0.5828803777694702,0.0003,117.30354380607605,0.6025517915123312,0.49602359093903264,21.476438322545864
202,0.5855333209037781,0.0003,117.81725335121155,0.6025517915123312,0.49602359093903264,21.476438322545864
203,0.5568224787712097,0.0003,118.26410865783691,0.6025517915123312,0.49602359093903264,21.476438322545864
204,0.6440994739532471,0.0003,118.71230363845825,0.6025517915123312,0.49602359093903264,21.476438322545864
205,0.5646060705184937,0.0003,119.17036318778992,0.6025517915123312,0.49602359093903264,21.476438322545864
206,0.5552788376808167,0.0003,119.6243085861206,0.6025517915123312,0.49602359093903264,21.476438322545864
207,0.6055538654327393,0.0003,120.07766246795654,0.6025517915123312,0.49602359093903264,21.476438322545864
208,0.622911810874939,0.0003,120.529944896698,0.6025517915123312,0.49602359093903264,21.476438322545864
209,0.5691051483154297,0.0003,120.97724032402039,0.6025517915123312,0.49602359093903264,21.476438322545864
210,0.5967592000961304,0.0003,121.43751931190491,0.6025517915123312,0.49602359093903264,21.476438322545864
211,0.651580274105072,0.0003,121.89491319656372,0.6025517915123312,0.49602359093903264,21.476438322545864
212,0.6450726389884949,0.0003,122.33667969703674,0.6025517915123312,0.49602359093903264,21.476438322545864
213,0.5589415431022644,0.0003,122.78855562210083,0.6025517915123312,0.49602359093903264,21.476438322545864
214,0.6351633667945862,0.0003,123.2482123374939,0.6025517915123312,0.49602359093903264,21.476438322545864
215,0.5027579665184021,0.0003,123.7016134262085,0.6025517915123312,0.49602359093903264,21.476438322545864
216,0.4792414605617523,0.0003,124.15401005744934,0.6025517915123312,0.49602359093903264,21.476438322545864
217,0.6249180436134338,0.0003,124.60750269889832,0.6025517915123312,0.49602359093903264,21.476438322545864
218,0.5982366800308228,0.0003,125.06260251998901,0.6025517915123312,0.49602359093903264,21.476438322545864
219,0.5600612759590149,0.0003,125.51984167098999,0.6025517915123312,0.49602359093903264,21.476438322545864
220,0.6232261061668396,0.0003,125.96075439453125,0.6025517915123312,0.49602359093903264,21.476438322545864
221,0.6559430956840515,0.0003,126.41431450843811,0.6025517915123312,0.49602359093903264,21.476438322545864
222,0.6150437593460083,0.0003,126.8738443851471,0.6025517915123312,0.49602359093903264,21.476438322545864
223,0.5802634358406067,0.0003,127.32554650306702,0.6025517915123312,0.49602359093903264,21.476438322545864
224,0.5744885802268982,0.0003,127.77808570861816,0.6025517915123312,0.49602359093903264,21.476438322545864
225,0.5936716198921204,0.0003,128.23129034042358,0.6025517915123312,0.49602359093903264,21.476438322545864
226,0.5587100982666016,0.0003,128.6863934993744,0.6025517915123312,0.49602359093903264,21.476438322545864
227,0.606913685798645,0.0003,129.14105677604675,0.6025517915123312,0.49602359093903264,21.476438322545864
228,0.5260354280471802,0.0003,129.58816957473755,0.6025517915123312,0.49602359093903264,21.476438322545864
229,0.645875096321106,0.0003,130.0779209136963,0.6025517915123312,0.49602359093903264,21.476438322545864
230,0.6278306841850281,0.0003,130.55441570281982,0.6025517915123312,0.49602359093903264,21.476438322545864
231,0.6079426407814026,0.0003,131.01111817359924,0.6025517915123312,0.49602359093903264,21.476438322545864
232,0.6178668737411499,0.0003,131.4634189605713,0.6025517915123312,0.49602359093903264,21.476438322545864
233,0.6008172035217285,0.0003,131.92470407485962,0.6025517915123312,0.49602359093903264,21.476438322545864
234,0.6488762497901917,0.0003,132.3797287940979,0.6025517915123312,0.49602359093903264,21.476438322545864
235,0.5856092572212219,0.0003,132.83173608779907,0.6025517915123312,0.49602359093903264,21.476438322545864
236,0.5649164915084839,0.0003,133.2870683670044,0.6025517915123312,0.49602359093903264,21.476438322545864
237,0.5441370606422424,0.0003,133.73339867591858,0.6025517915123312,0.49602359093903264,21.476438322545864
238,0.6155872344970703,0.0003,134.18666243553162,0.6025517915123312,0.49602359093903264,21.476438322545864
239,0.5632609724998474,0.0003,134.63984656333923,0.6025517915123312,0.49602359093903264,21.476438322545864
240,0.6115266680717468,0.0003,135.09962129592896,0.6025517915123312,0.49602359093903264,21.476438322545864
241,0.5969605445861816,0.0003,135.55348658561707,0.6025517915123312,0.49602359093903264,21.476438322545864
242,0.5558499693870544,0.0003,136.00733709335327,0.6025517915123312,0.49602359093903264,21.476438322545864
243,0.5608092546463013,0.0003,136.4608190059662,0.6025517915123312,0.49602359093903264,21.476438322545864
244,0.6338850259780884,0.0003,136.91452980041504,0.6025517915123312,0.49602359093903264,21.476438322545864
245,0.5698742866516113,0.0003,137.3680760860443,0.6025517915123312,0.49602359093903264,21.476438322545864
246,0.5714810490608215,0.0003,137.82164216041565,0.6025517915123312,0.49602359093903264,21.476438322545864
247,0.5995631814002991,0.0003,138.2743911743164,0.6025517915123312,0.49602359093903264,21.476438322545864
248,0.5936406254768372,0.0003,138.72811484336853,0.6025517915123312,0.49602359093903264,21.476438322545864
249,0.5351120233535767,0.0003,139.18192720413208,0.6025517915123312,0.49602359093903264,21.476438322545864
250,0.5987505316734314,0.0003,145.9971284866333,0.623054124737239,0.49307138648694265,26.361849787391485
251,0.5657389760017395,0.0003,146.33925318717957,0.623054124737239,0.49307138648694265,26.361849787391485
252,0.5236402153968811,0.0003,146.7869393825531,0.623054124737239,0.49307138648694265,26.361849787391485
253,0.5561912655830383,0.0003,147.24447178840637,0.623054124737239,0.49307138648694265,26.361849787391485
254,0.579059362411499,0.0003,147.6987202167511,0.623054124737239,0.49307138648694265,26.361849787391485
255,0.5499355792999268,0.0003,148.15206384658813,0.623054124737239,0.49307138648694265,26.361849787391485
256,0.5669148564338684,0.0003,148.60702228546143,0.623054124737239,0.49307138648694265,26.361849787391485
257,0.5614681243896484,0.0003,149.06002235412598,0.623054124737239,0.49307138648694265,26.361849787391485
258,0.5888146162033081,0.0003,149.51314401626587,0.623054124737239,0.49307138648694265,26.361849787391485
259,0.5200443267822266,0.0003,149.96489644050598,0.623054124737239,0.49307138648694265,26.361849787391485
260,0.6658287048339844,0.0003,150.41724157333374,0.623054124737239,0.49307138648694265,26.361849787391485
261,0.6008172035217285,0.0003,150.8728039264679,0.623054124737239,0.49307138648694265,26.361849787391485
262,0.6182078719139099,0.0003,151.32544803619385,0.623054124737239,0.49307138648694265,26.361849787391485
263,0.5917125940322876,0.0003,151.77386927604675,0.623054124737239,0.49307138648694265,26.361849787391485
264,0.6465985178947449,0.0003,152.23288202285767,0.623054124737239,0.49307138648694265,26.361849787391485
265,0.533230721950531,0.0003,152.71551942825317,0.623054124737239,0.49307138648694265,26.361849787391485
266,0.5932348966598511,0.0003,153.1699492931366,0.623054124737239,0.49307138648694265,26.361849787391485
267,0.5683870315551758,0.0003,153.62041401863098,0.623054124737239,0.49307138648694265,26.361849787391485
268,0.5710394978523254,0.0003,154.07640600204468,0.623054124737239,0.49307138648694265,26.361849787391485
269,0.6036906242370605,0.0003,154.5287594795227,0.623054124737239,0.49307138648694265,26.361849787391485
270,0.6060548424720764,0.0003,154.98189210891724,0.623054124737239,0.49307138648694265,26.361849787391485
271,0.5941218137741089,0.0003,155.43639016151428,0.623054124737239,0.49307138648694265,26.361849787391485
272,0.5755412578582764,0.0003,155.90302395820618,0.623054124737239,0.49307138648694265,26.361849787391485
273,0.586296558380127,0.0003,156.37267398834229,0.623054124737239,0.49307138648694265,26.361849787391485
274,0.5825659036636353,0.0003,156.8389573097229,0.623054124737239,0.49307138648694265,26.361849787391485
275,0.6265679001808167,0.0003,157.29368209838867,0.623054124737239,0.49307138648694265,26.361849787391485
276,0.5884811282157898,0.0003,157.7463300228119,0.623054124737239,0.49307138648694265,26.361849787391485
277,0.6113412976264954,0.0003,158.2003071308136,0.623054124737239,0.49307138648694265,26.361849787391485
278,0.627225399017334,0.0003,158.65284872055054,0.623054124737239,0.49307138648694265,26.361849787391485
279,0.6243985295295715,0.0003,159.10655641555786,0.623054124737239,0.49307138648694265,26.361849787391485
280,0.5755976438522339,0.0003,159.57255268096924,0.623054124737239,0.49307138648694265,26.361849787391485
281,0.6069464087486267,0.0003,160.02467226982117,0.623054124737239,0.49307138648694265,26.361849787391485
282,0.5417189002037048,0.0003,160.47800874710083,0.623054124737239,0.49307138648694265,26.361849787391485
283,0.572884202003479,0.0003,160.93039965629578,0.623054124737239,0.49307138648694265,26.361849787391485
284,0.5486165881156921,0.0003,161.3830349445343,0.623054124737239,0.49307138648694265,26.361849787391485
285,0.6075855493545532,0.0003,161.83484935760498,0.623054124737239,0.49307138648694265,26.361849787391485
286,0.5786606669425964,0.0003,162.2884063720703,0.623054124737239,0.49307138648694265,26.361849787391485
287,0.6269025802612305,0.0003,162.7463607788086,0.623054124737239,0.49307138648694265,26.361849787391485
288,0.5841108560562134,0.0003,163.19908928871155,0.623054124737239,0.49307138648694265,26.361849787391485
289,0.5910876393318176,0.0003,163.65818619728088,0.623054124737239,0.49307138648694265,26.361849787391485
290,0.6379483342170715,0.0003,164.1047399044037,0.623054124737239,0.49307138648694265,26.361849787391485
291,0.5965369343757629,0.0003,164.55991673469543,0.623054124737239,0.49307138648694265,26.361849787391485
292,0.5394477248191833,0.0003,165.0185170173645,0.623054124737239,0.49307138648694265,26.361849787391485
293,0.6071343421936035,0.0003,165.47181367874146,0.623054124737239,0.49307138648694265,26.361849787391485
294,0.6287463307380676,0.0003,165.92724323272705,0.623054124737239,0.49307138648694265,26.361849787391485
295,0.5844305157661438,0.0003,166.38127326965332,0.623054124737239,0.49307138648694265,26.361849787391485
296,0.603223443031311,0.0003,166.8601574897766,0.623054124737239,0.49307138648694265,26.361849787391485
297,0.6091261506080627,0.0003,167.32299947738647,0.623054124737239,0.49307138648694265,26.361849787391485
298,0.6075328588485718,0.0003,167.78056573867798,0.623054124737239,0.49307138648694265,26.361849787391485
299,0.6180254817008972,0.0003,168.235191822052,0.623054124737239,0.49307138648694265,26.361849787391485
300,0.5920705199241638,0.0003,175.14395356178284,0.5436602070439485,0.4292543502379267,26.65223002227211
301,0.6376699209213257,0.0003,175.48239850997925,0.5436602070439485,0.4292543502379267,26.65223002227211
302,0.5414445400238037,0.0003,175.94100332260132,0.5436602070439485,0.4292543502379267,26.65223002227211
303,0.6337199807167053,0.0003,176.39355874061584,0.5436602070439485,0.4292543502379267,26.65223002227211
304,0.5521761178970337,0.0003,176.8457384109497,0.5436602070439485,0.4292543502379267,26.65223002227211
305,0.5956375598907471,0.0003,177.2991681098938,0.5436602070439485,0.4292543502379267,26.65223002227211
306,0.6093123555183411,0.0003,177.75266242027283,0.5436602070439485,0.4292543502379267,26.65223002227211
307,0.595879852771759,0.0003,178.2029058933258,0.5436602070439485,0.4292543502379267,26.65223002227211
308,0.6444522142410278,0.0003,178.6588854789734,0.5436602070439485,0.4292543502379267,26.65223002227211
309,0.52329421043396,0.0003,179.114981174469,0.5436602070439485,0.4292543502379267,26.65223002227211
310,0.5939408540725708,0.0003,179.56843209266663,0.5436602070439485,0.4292543502379267,26.65223002227211
311,0.6170850396156311,0.0003,180.02184081077576,0.5436602070439485,0.4292543502379267,26.65223002227211
312,0.5807784795761108,0.0003,180.4757595062256,0.5436602070439485,0.4292543502379267,26.65223002227211
313,0.5916265845298767,0.0003,180.93399453163147,0.5436602070439485,0.4292543502379267,26.65223002227211
314,0.5758790969848633,0.0003,181.38997960090637,0.5436602070439485,0.4292543502379267,26.65223002227211
315,0.6312084794044495,0.0003,181.85069751739502,0.5436602070439485,0.4292543502379267,26.65223002227211
316,0.6208639144897461,0.0003,182.30257654190063,0.5436602070439485,0.4292543502379267,26.65223002227211
317,0.5560731291770935,0.0003,182.7571177482605,0.5436602070439485,0.4292543502379267,26.65223002227211
318,0.592454731464386,0.0003,183.21068263053894,0.5436602070439485,0.4292543502379267,26.65223002227211
319,0.6236975789070129,0.0003,183.66484808921814,0.5436602070439485,0.4292543502379267,26.65223002227211
320,0.5780715346336365,0.0003,184.11875414848328,0.5436602070439485,0.4292543502379267,26.65223002227211
321,0.6369618773460388,0.0003,184.57343912124634,0.5436602070439485,0.4292543502379267,26.65223002227211
322,0.5932176113128662,0.0003,185.02798414230347,0.5436602070439485,0.4292543502379267,26.65223002227211
323,0.6000068187713623,0.0003,185.4814748764038,0.5436602070439485,0.4292543502379267,26.65223002227211
324,0.4720575213432312,0.0003,185.934476852417,0.5436602070439485,0.4292543502379267,26.65223002227211
325,0.6216686964035034,0.0003,186.38658618927002,0.5436602070439485,0.4292543502379267,26.65223002227211
326,0.5093178153038025,0.0003,186.8398118019104,0.5436602070439485,0.4292543502379267,26.65223002227211
327,0.5438642501831055,0.0003,187.29170894622803,0.5436602070439485,0.4292543502379267,26.65223002227211
328,0.600727915763855,0.0003,187.7452461719513,0.5436602070439485,0.4292543502379267,26.65223002227211
329,0.6006112098693848,0.0003,188.2007236480713,0.5436602070439485,0.4292543502379267,26.65223002227211
330,0.6303629875183105,0.0003,188.65652418136597,0.5436602070439485,0.4292543502379267,26.65223002227211
331,0.5374763607978821,0.0003,189.1086254119873,0.5436602070439485,0.4292543502379267,26.65223002227211
332,0.6122051477432251,0.0003,189.56145977973938,0.5436602070439485,0.4292543502379267,26.65223002227211
333,0.6078773736953735,0.0003,190.01470923423767,0.5436602070439485,0.4292543502379267,26.65223002227211
334,0.6049986481666565,0.0003,190.4713237285614,0.5436602070439485,0.4292543502379267,26.65223002227211
335,0.5170444250106812,0.0003,190.9258635044098,0.5436602070439485,0.4292543502379267,26.65223002227211
336,0.6303216218948364,0.0003,191.37726020812988,0.5436602070439485,0.4292543502379267,26.65223002227211
337,0.5961454510688782,0.0003,191.83648490905762,0.5436602070439485,0.4292543502379267,26.65223002227211
338,0.5442132949829102,0.0003,192.30554676055908,0.5436602070439485,0.4292543502379267,26.65223002227211
339,0.6009475588798523,0.0003,192.75903987884521,0.5436602070439485,0.4292543502379267,26.65223002227211
340,0.5832304954528809,0.0003,193.212708234787,0.5436602070439485,0.4292543502379267,26.65223002227211
341,0.588238537311554,0.0003,193.667560338974,0.5436602070439485,0.4292543502379267,26.65223002227211
342,0.631135106086731,0.0003,194.12482619285583,0.5436602070439485,0.4292543502379267,26.65223002227211
343,0.6235511302947998,0.0003,194.5777885913849,0.5436602070439485,0.4292543502379267,26.65223002227211
344,0.5681087970733643,0.0003,195.03207635879517,0.5436602070439485,0.4292543502379267,26.65223002227211
345,0.591618001461029,0.0003,195.48714637756348,0.5436602070439485,0.4292543502379267,26.65223002227211
346,0.5376434326171875,0.0003,195.93844485282898,0.5436602070439485,0.4292543502379267,26.65223002227211
347,0.5900290608406067,0.0003,196.40775394439697,0.5436602070439485,0.4292543502379267,26.65223002227211
348,0.5738915801048279,0.0003,196.85676264762878,0.5436602070439485,0.4292543502379267,26.65223002227211
349,0.5354231595993042,0.0003,197.31225776672363,0.5436602070439485,0.4292543502379267,26.65223002227211
350,0.5943616032600403,0.0003,204.19861435890198,0.604887824739388,0.49636493597394166,21.863528404259316
351,0.47473105788230896,0.0003,204.53883981704712,0.604887824739388,0.49636493597394166,21.863528404259316
352,0.6517695784568787,0.0003,204.99097156524658,0.604887824739388,0.49636493597394166,21.863528404259316
353,0.5896620750427246,0.0003,205.43974685668945,0.604887824739388,0.49636493597394166,21.863528404259316
354,0.6025084257125854,0.0003,205.8922290802002,0.604887824739388,0.49636493597394166,21.863528404259316
355,0.5880914926528931,0.0003,206.3496253490448,0.604887824739388,0.49636493597394166,21.863528404259316
356,0.6271001100540161,0.0003,206.80242228507996,0.604887824739388,0.49636493597394166,21.863528404259316
357,0.5795521140098572,0.0003,207.25717997550964,0.604887824739388,0.49636493597394166,21.863528404259316
358,0.6280639171600342,0.0003,207.70671153068542,0.604887824739388,0.49636493597394166,21.863528404259316
359,0.5847291946411133,0.0003,208.1662402153015,0.604887824739388,0.49636493597394166,21.863528404259316
360,0.59687739610672,0.0003,208.61791968345642,0.604887824739388,0.49636493597394166,21.863528404259316
361,0.5728396773338318,0.0003,209.0703387260437,0.604887824739388,0.49636493597394166,21.863528404259316
362,0.584351658821106,0.0003,209.5232493877411,0.604887824739388,0.49636493597394166,21.863528404259316
363,0.5889428853988647,0.0003,209.97591352462769,0.604887824739388,0.49636493597394166,21.863528404259316
364,0.5841853022575378,0.0003,210.42987418174744,0.604887824739388,0.49636493597394166,21.863528404259316
365,0.6113303899765015,0.0003,210.88275361061096,0.604887824739388,0.49636493597394166,21.863528404259316
366,0.6122944951057434,0.0003,211.33563375473022,0.604887824739388,0.49636493597394166,21.863528404259316
367,0.614952802658081,0.0003,211.78907561302185,0.604887824739388,0.49636493597394166,21.863528404259316
368,0.5930119156837463,0.0003,212.2418110370636,0.604887824739388,0.49636493597394166,21.863528404259316
369,0.5996625423431396,0.0003,212.69460010528564,0.604887824739388,0.49636493597394166,21.863528404259316
370,0.633387565612793,0.0003,213.14096975326538,0.604887824739388,0.49636493597394166,21.863528404259316
371,0.6193462014198303,0.0003,213.59856057167053,0.604887824739388,0.49636493597394166,21.863528404259316
372,0.5603345632553101,0.0003,214.05023980140686,0.604887824739388,0.49636493597394166,21.863528404259316
373,0.5266874432563782,0.0003,214.50168347358704,0.604887824739388,0.49636493597394166,21.863528404259316
374,0.6164554953575134,0.0003,214.9543240070343,0.604887824739388,0.49636493597394166,21.863528404259316
375,0.6356233954429626,0.0003,215.40697169303894,0.604887824739388,0.49636493597394166,21.863528404259316
376,0.5234795808792114,0.0003,215.85856103897095,0.604887824739388,0.49636493597394166,21.863528404259316
377,0.646084725856781,0.0003,216.3093867301941,0.604887824739388,0.49636493597394166,21.863528404259316
378,0.5980717539787292,0.0003,216.76098203659058,0.604887824739388,0.49636493597394166,21.863528404259316
379,0.627863883972168,0.0003,217.21393942832947,0.604887824739388,0.49636493597394166,21.863528404259316
380,0.5682817697525024,0.0003,217.66901016235352,0.604887824739388,0.49636493597394166,21.863528404259316
381,0.5638766288757324,0.0003,218.1199471950531,0.604887824739388,0.49636493597394166,21.863528404259316
382,0.520729660987854,0.0003,218.56529688835144,0.604887824739388,0.49636493597394166,21.863528404259316
383,0.5709697604179382,0.0003,219.01770067214966,0.604887824739388,0.49636493597394166,21.863528404259316
384,0.6164710521697998,0.0003,219.4706723690033,0.604887824739388,0.49636493597394166,21.863528404259316
385,0.5514407157897949,0.0003,219.9256191253662,0.604887824739388,0.49636493597394166,21.863528404259316
386,0.5965352654457092,0.0003,220.38131999969482,0.604887824739388,0.49636493597394166,21.863528404259316
387,0.5798221826553345,0.0003,220.83307647705078,0.604887824739388,0.49636493597394166,21.863528404259316
388,0.5598112344741821,0.0003,221.2848207950592,0.604887824739388,0.49636493597394166,21.863528404259316
389,0.5437368750572205,0.0003,221.73891162872314,0.604887824739388,0.49636493597394166,21.863528404259316
390,0.5982186794281006,0.0003,222.1843135356903,0.604887824739388,0.49636493597394166,21.863528404259316
391,0.5860887765884399,0.0003,222.64325547218323,0.604887824739388,0.49636493597394166,21.863528404259316
392,0.5864766836166382,0.0003,223.09433221817017,0.604887824739388,0.49636493597394166,21.863528404259316
393,0.6287015676498413,0.0003,223.54552221298218,0.604887824739388,0.49636493597394166,21.863528404259316
394,0.5724631547927856,0.0003,223.99719405174255,0.604887824739388,0.49636493597394166,21.863528404259316
395,0.5329071283340454,0.0003,224.44914031028748,0.604887824739388,0.49636493597394166,21.863528404259316
396,0.5208005905151367,0.0003,224.901437997818,0.604887824739388,0.49636493597394166,21.863528404259316
397,0.4860753118991852,0.0003,225.3525743484497,0.604887824739388,0.49636493597394166,21.863528404259316
398,0.5444745421409607,0.0003,225.8083941936493,0.604887824739388,0.49636493597394166,21.863528404259316
399,0.5695463418960571,0.0003,226.25848269462585,0.604887824739388,0.49636493597394166,21.863528404259316
400,0.576448917388916,0.0003,233.07995510101318,0.6071710951419496,0.4923400657048169,23.32351913564957
401,0.6381896734237671,0.0003,233.41958093643188,0.6071710951419496,0.4923400657048169,23.32351913564957
402,0.6409815549850464,0.0003,233.87304615974426,0.6071710951419496,0.4923400657048169,23.32351913564957
403,0.5685434937477112,0.0003,234.32645058631897,0.6071710951419496,0.4923400657048169,23.32351913564957
404,0.5502109527587891,0.0003,234.77922296524048,0.6071710951419496,0.4923400657048169,23.32351913564957
405,0.5489521622657776,0.0003,235.2312159538269,0.6071710951419496,0.4923400657048169,23.32351913564957
406,0.6021583676338196,0.0003,235.68683743476868,0.6071710951419496,0.4923400657048169,23.32351913564957
407,0.6192072629928589,0.0003,236.1397557258606,0.6071710951419496,0.4923400657048169,23.32351913564957
408,0.617631196975708,0.0003,236.5919804573059,0.6071710951419496,0.4923400657048169,23.32351913564957
409,0.5879911184310913,0.0003,237.04420137405396,0.6071710951419496,0.4923400657048169,23.32351913564957
410,0.644566535949707,0.0003,237.49660277366638,0.6071710951419496,0.4923400657048169,23.32351913564957
411,0.599023163318634,0.0003,237.94958305358887,0.6071710951419496,0.4923400657048169,23.32351913564957
412,0.5646020770072937,0.0003,238.39632391929626,0.6071710951419496,0.4923400657048169,23.32351913564957
413,0.608400285243988,0.0003,238.8542251586914,0.6071710951419496,0.4923400657048169,23.32351913564957
414,0.6190401315689087,0.0003,239.3062391281128,0.6071710951419496,0.4923400657048169,23.32351913564957
415,0.5641712546348572,0.0003,239.7593638896942,0.6071710951419496,0.4923400657048169,23.32351913564957
416,0.5916287302970886,0.0003,240.21092581748962,0.6071710951419496,0.4923400657048169,23.32351913564957
417,0.5816920399665833,0.0003,240.6971845626831,0.6071710951419496,0.4923400657048169,23.32351913564957
418,0.6313024759292603,0.0003,241.17135047912598,0.6071710951419496,0.4923400657048169,23.32351913564957
419,0.5307309627532959,0.0003,241.63170528411865,0.6071710951419496,0.4923400657048169,23.32351913564957
420,0.6446030735969543,0.0003,242.0849220752716,0.6071710951419496,0.4923400657048169,23.32351913564957
421,0.5756791830062866,0.0003,242.5380244255066,0.6071710951419496,0.4923400657048169,23.32351913564957
422,0.549541711807251,0.0003,242.99089884757996,0.6071710951419496,0.4923400657048169,23.32351913564957
423,0.5786840915679932,0.0003,243.4430365562439,0.6071710951419496,0.4923400657048169,23.32351913564957
424,0.5738049745559692,0.0003,243.8943009376526,0.6071710951419496,0.4923400657048169,23.32351913564957
425,0.5957973599433899,0.0003,244.34224772453308,0.6071710951419496,0.4923400657048169,23.32351913564957
426,0.5819252729415894,0.0003,244.80047583580017,0.6071710951419496,0.4923400657048169,23.32351913564957
427,0.5893547534942627,0.0003,245.25473976135254,0.6071710951419496,0.4923400657048169,23.32351913564957
428,0.5883256793022156,0.0003,245.70680856704712,0.6071710951419496,0.4923400657048169,23.32351913564957
429,0.6307284832000732,0.0003,246.15910601615906,0.6071710951419496,0.4923400657048169,23.32351913564957
430,0.5140981078147888,0.0003,246.61180663108826,0.6071710951419496,0.4923400657048169,23.32351913564957
431,0.6169062256813049,0.0003,247.06339979171753,0.6071710951419496,0.4923400657048169,23.32351913564957
432,0.5625858902931213,0.0003,247.51527380943298,0.6071710951419496,0.4923400657048169,23.32351913564957
433,0.5772657990455627,0.0003,247.9672360420227,0.6071710951419496,0.4923400657048169,23.32351913564957
434,0.657042920589447,0.0003,248.41899991035461,0.6071710951419496,0.4923400657048169,23.32351913564957
435,0.6224529147148132,0.0003,248.87170910835266,0.6071710951419496,0.4923400657048169,23.32351913564957
436,0.6094917058944702,0.0003,249.32384157180786,0.6071710951419496,0.4923400657048169,23.32351913564957
437,0.6273579001426697,0.0003,249.77636790275574,0.6071710951419496,0.4923400657048169,23.32351913564957
438,0.6000335216522217,0.0003,250.22835206985474,0.6071710951419496,0.4923400657048169,23.32351913564957
439,0.5528811812400818,0.0003,250.6809277534485,0.6071710951419496,0.4923400657048169,23.32351913564957
440,0.5673789978027344,0.0003,251.13338327407837,0.6071710951419496,0.4923400657048169,23.32351913564957
441,0.611455500125885,0.0003,251.58554887771606,0.6071710951419496,0.4923400657048169,23.32351913564957
442,0.5997529625892639,0.0003,252.0386209487915,0.6071710951419496,0.4923400657048169,23.32351913564957
443,0.5752373933792114,0.0003,252.49889945983887,0.6071710951419496,0.4923400657048169,23.32351913564957
444,0.557724118232727,0.0003,252.9511079788208,0.6071710951419496,0.4923400657048169,23.32351913564957
445,0.5860850214958191,0.0003,253.40272569656372,0.6071710951419496,0.4923400657048169,23.32351913564957
446,0.6182101368904114,0.0003,253.85520219802856,0.6071710951419496,0.4923400657048169,23.32351913564957
447,0.5421271324157715,0.0003,254.30834770202637,0.6071710951419496,0.4923400657048169,23.32351913564957
448,0.6242237091064453,0.0003,254.76019406318665,0.6071710951419496,0.4923400657048169,23.32351913564957
449,0.6803759336471558,0.0003,255.21261429786682,0.6071710951419496,0.4923400657048169,23.32351913564957
450,0.6332767009735107,0.0003,262.0402066707611,0.5962859275609919,0.4751366562627717,25.497774103797887
451,0.5947612524032593,0.0003,262.37960720062256,0.5962859275609919,0.4751366562627717,25.497774103797887
452,0.47136741876602173,0.0003,262.82831263542175,0.5962859275609919,0.4751366562627717,25.497774103797887
453,0.5861116051673889,0.0003,263.2855439186096,0.5962859275609919,0.4751366562627717,25.497774103797887
454,0.6482382416725159,0.0003,263.739070892334,0.5962859275609919,0.4751366562627717,25.497774103797887
455,0.6216099858283997,0.0003,264.19156765937805,0.5962859275609919,0.4751366562627717,25.497774103797887
456,0.5189539790153503,0.0003,264.6444501876831,0.5962859275609919,0.4751366562627717,25.497774103797887
457,0.5345514416694641,0.0003,265.0966765880585,0.5962859275609919,0.4751366562627717,25.497774103797887
458,0.6369556188583374,0.0003,265.5490610599518,0.5962859275609919,0.4751366562627717,25.497774103797887
459,0.5206785202026367,0.0003,266.0010738372803,0.5962859275609919,0.4751366562627717,25.497774103797887
460,0.5447262525558472,0.0003,266.4530837535858,0.5962859275609919,0.4751366562627717,25.497774103797887
461,0.6182510256767273,0.0003,266.9068443775177,0.5962859275609919,0.4751366562627717,25.497774103797887
462,0.6352395415306091,0.0003,267.36007356643677,0.5962859275609919,0.4751366562627717,25.497774103797887
463,0.628891110420227,0.0003,267.81259965896606,0.5962859275609919,0.4751366562627717,25.497774103797887
464,0.6067960858345032,0.0003,268.2643852233887,0.5962859275609919,0.4751366562627717,25.497774103797887
465,0.6107414364814758,0.0003,268.7160744667053,0.5962859275609919,0.4751366562627717,25.497774103797887
466,0.6189255118370056,0.0003,269.16779255867004,0.5962859275609919,0.4751366562627717,25.497774103797887
467,0.5199701189994812,0.0003,269.6189799308777,0.5962859275609919,0.4751366562627717,25.497774103797887
468,0.6171953082084656,0.0003,270.0718729496002,0.5962859275609919,0.4751366562627717,25.497774103797887
469,0.591484546661377,0.0003,270.5246903896332,0.5962859275609919,0.4751366562627717,25.497774103797887
470,0.6079636216163635,0.0003,270.97761940956116,0.5962859275609919,0.4751366562627717,25.497774103797887
471,0.616223156452179,0.0003,271.42967534065247,0.5962859275609919,0.4751366562627717,25.497774103797887
472,0.6527954936027527,0.0003,271.87930846214294,0.5962859275609919,0.4751366562627717,25.497774103797887
473,0.5858234763145447,0.0003,272.3468551635742,0.5962859275609919,0.4751366562627717,25.497774103797887
474,0.6073740124702454,0.0003,272.8043839931488,0.5962859275609919,0.4751366562627717,25.497774103797887
475,0.5926283597946167,0.0003,273.26229429244995,0.5962859275609919,0.4751366562627717,25.497774103797887
476,0.5909447073936462,0.0003,273.715802192688,0.5962859275609919,0.4751366562627717,25.497774103797887
477,0.6027526259422302,0.0003,274.1619141101837,0.5962859275609919,0.4751366562627717,25.497774103797887
478,0.5479919910430908,0.0003,274.6148319244385,0.5962859275609919,0.4751366562627717,25.497774103797887
479,0.5935946702957153,0.0003,275.07152938842773,0.5962859275609919,0.4751366562627717,25.497774103797887
480,0.5906256437301636,0.0003,275.52459692955017,0.5962859275609919,0.4751366562627717,25.497774103797887
481,0.579750657081604,0.0003,275.9756450653076,0.5962859275609919,0.4751366562627717,25.497774103797887
482,0.5092676877975464,0.0003,276.42758870124817,0.5962859275609919,0.4751366562627717,25.497774103797887
483,0.6048325896263123,0.0003,276.878910779953,0.5962859275609919,0.4751366562627717,25.497774103797887
484,0.5868039727210999,0.0003,277.33050203323364,0.5962859275609919,0.4751366562627717,25.497774103797887
485,0.5926280617713928,0.0003,277.78455328941345,0.5962859275609919,0.4751366562627717,25.497774103797887
486,0.5300787091255188,0.0003,278.2400805950165,0.5962859275609919,0.4751366562627717,25.497774103797887
487,0.592257022857666,0.0003,278.6904294490814,0.5962859275609919,0.4751366562627717,25.497774103797887
488,0.4862635135650635,0.0003,279.146240234375,0.5962859275609919,0.4751366562627717,25.497774103797887
489,0.587027907371521,0.0003,279.5982084274292,0.5962859275609919,0.4751366562627717,25.497774103797887
490,0.5883276462554932,0.0003,280.0524437427521,0.5962859275609919,0.4751366562627717,25.497774103797887
491,0.5385845899581909,0.0003,280.5043890476227,0.5962859275609919,0.4751366562627717,25.497774103797887
492,0.5478211641311646,0.0003,280.95745301246643,0.5962859275609919,0.4751366562627717,25.497774103797887
493,0.5819832682609558,0.0003,281.4041635990143,0.5962859275609919,0.4751366562627717,25.497774103797887
494,0.5378001928329468,0.0003,281.86463689804077,0.5962859275609919,0.4751366562627717,25.497774103797887
495,0.5591899752616882,0.0003,282.3149662017822,0.5962859275609919,0.4751366562627717,25.497774103797887
496,0.543514609336853,0.0003,282.7663221359253,0.5962859275609919,0.4751366562627717,25.497774103797887
497,0.5713987350463867,0.0003,283.21882462501526,0.5962859275609919,0.4751366562627717,25.497774103797887
498,0.6190648078918457,0.0003,283.670946598053,0.5962859275609919,0.4751366562627717,25.497774103797887
499,0.5016595125198364,0.0003,284.1214575767517,0.5962859275609919,0.4751366562627717,25.497774103797887
500,0.5282799005508423,0.0003,290.91992354393005,0.5722801397370827,0.4759402754208222,20.24200709449892
